Tx,Px,Hx,D,Ty,Py,Hy
30.0,1200.0,65,0.0,30.0,1200.0,65.0
30.0,1200.0,65,0.1,29.335864962947554,1182.480163742233,63.528853813194665
30.0,1200.0,65,0.2,28.676323347781928,1165.2016989194485,62.06178752986637
30.0,1200.0,65,0.30000000000000004,28.025873486341524,1148.3960466360818,60.602847140701215
30.0,1200.0,65,0.4,27.388826803635276,1132.2754651276878,59.15601128018325
30.0,1200.0,65,0.5,26.769222390213795,1117.025068335312,57.72515871285641
30.0,1200.0,65,0.6000000000000001,26.17075077451974,1102.7966478184135,56.314037191604726
30.0,1200.0,65,0.7000000000000001,25.596689271994116,1089.7046070497024,54.9262341039328
30.0,1200.0,65,0.8,25.049850750938457,1077.8241509637292,53.565149288099846
30.0,1200.0,65,0.9,24.532547047537363,1067.1916854152062,52.233970359903694
30.0,1200.0,65,1.0,24.04656761927286,1057.8072108748443,50.93565084392348
30.0,1200.0,65,1.1,23.593173383295706,1049.6383586277063,49.67289135124064
30.0,1200.0,65,1.2000000000000002,23.173105078629142,1042.6256269166408,48.44812399029384
30.0,1200.0,65,1.3,22.78660494899244,1036.6883335409473,47.26350013987619
30.0,1200.0,65,1.4000000000000001,22.43345009148763,1031.730808763124,46.120881654666995
30.0,1200.0,65,1.5,22.112995473337108,1027.6484010481065,45.02183551541222
30.0,1200.0,65,1.6,21.82422439451736,1024.332947444391,43.9676318791883
30.0,1200.0,65,1.7000000000000002,21.56580407089635,1021.6774577049603,42.95924543128272
30.0,1200.0,65,1.8,21.336144025377163,1019.5798638957357,41.9973598901769
30.0,1200.0,65,1.9000000000000001,21.13345509219526,1017.9457841491245,41.08237547186108
30.0,1200.0,65,2.0,20.955807045456297,1016.690331928553,40.2144190800326
30.0,1200.0,65,2.1,20.801183137276343,1015.7390653998177,39.39335695524663
30.0,1200.0,65,2.2,20.667530151696344,1015.0282131786305,38.618809489238444
30.0,1200.0,65,2.3000000000000003,20.55280292586021,1014.5043335476145,37.89016789067764
30.0,1200.0,65,2.4000000000000004,20.455002638963585,1014.1235670077106,37.20661237562239
30.0,1200.0,65,2.5,20.372208503797726,1013.8506308236663,36.56713154982096
30.0,1200.0,65,2.6,20.302602800204717,1013.6576836047024,35.97054265050045
30.0,1200.0,65,2.7,20.244489453100893,1013.5231623225627,35.41551232198825
30.0,1200.0,65,2.8000000000000003,20.196306572572908,1013.4306672630838,34.900577611900914
30.0,1200.0,65,2.9000000000000004,20.156633536428977,1013.3679450846334,34.424166892079185
30.0,1200.0,65,3.0,20.124193306515522,1013.3259982892579,33.98462043023303
30.0,1200.0,65,3.1,20.097850732044698,1013.2983319630463,33.58021036362157
30.0,1200.0,65,3.2,20.076607611351793,1013.2803358278386,33.20915985423002
30.0,1200.0,65,3.3000000000000003,20.05959526470109,1013.2687911439558,32.8696612350134
30.0,1200.0,65,3.4000000000000004,20.04606532263392,1013.2614871587734,32.55989298806181
30.0,1200.0,65,3.5,20.03537936478222,1013.2569298048527,32.27803542724684
30.0,1200.0,65,3.6,20.026997960632603,1013.2541254003145,32.022284989325904
30.0,1200.0,65,3.7,20.02046957328585,1013.2524234628755,31.79086706797013
30.0,1200.0,65,3.8000000000000003,20.0154196956894,1013.2514048209564,31.582047354178272
30.0,1200.0,65,3.9000000000000004,20.011540500847815,1013.2508035440649,31.39414167356595
30.0,1200.0,65,4.0,20.008581206663937,1013.2504535163006,31.22552433568819
30.0,1200.0,65,4.1000000000000005,20.006339284698395,1013.2502525582165,31.074635032568306
30.0,1200.0,65,4.2,20.00465258158071,1013.2501387736211,30.939984342763356
30.0,1200.0,65,4.3,20.00339237249301,1013.2500752351947,30.820157913478777
30.0,1200.0,65,4.4,20.002457327799302,1013.250040243544,30.713819406418157
30.0,1200.0,65,4.5,20.001768345704015,1013.2500212385652,30.619712303257835
30.0,1200.0,65,4.6000000000000005,20.001264184637368,1013.2500110586226,30.536660673976098
30.0,1200.0,65,4.7,20.000897817529864,1013.2500056809018,30.46356901590441
30.0,1200.0,65,4.800000000000001,20.000633424836664,1013.2500028791729,30.399421273510058
30.0,1200.0,65,4.9,20.000443942721805,1013.2500014396156,30.343279148808328
30.0,1200.0,65,5.0,20.000309085937648,1013.2500007101468,30.294279810203726
30.0,1200.0,65,0.1,29.335864962947554,1182.480163742233,63.528853813194665
30.0,1200.0,65,0.14142135623730953,29.061856157549283,1175.2803385198274,62.92044755404119
30.0,1200.0,65,0.223606797749979,28.521789268968156,1161.1835254178839,61.716496551422495
30.0,1200.0,65,0.316227766016838,27.921473917958973,1145.7282304789069,60.367131717236745
30.0,1200.0,65,0.4123105625617661,27.311530400117544,1130.3476832011033,58.97892548270387
30.0,1200.0,65,0.5099019513592785,26.708962389950937,1115.5684200597793,57.58449003621543
30.0,1200.0,65,0.608276253029822,26.12227176688141,1101.6686950567964,56.19824613382028
30.0,1200.0,65,0.7071067811865476,25.55689790282795,1088.8196502899207,54.82858402549792
30.0,1200.0,65,0.806225774829855,25.016761300923733,1077.1255922451537,53.48136836482828
30.0,1200.0,65,0.9055385138137417,24.50479763833184,1066.6394408271287,52.16117717533781
30.0,1200.0,65,1.004987562112089,24.02317400647309,1057.3713744666381,50.87180609459139
30.0,1200.0,65,1.104536101718726,23.573393471486654,1049.2957619506383,49.61649478165369
30.0,1200.0,65,1.2041594578792296,23.15635969988555,1042.3578516576765,48.39803603475302
30.0,1200.0,65,1.3038404810405297,22.772429245145197,1036.4804974971848,47.21883152303441
30.0,1200.0,65,1.4035668847618201,22.42146247263822,1031.5707814908308,46.08092216856318
30.0,1200.0,65,1.5033296378372907,22.102877121821482,1027.526266154931,44.986006458163544
30.0,1200.0,65,1.6031219541881399,21.815705322659426,1024.2406105494242,43.93545335626004
30.0,1200.0,65,1.7029386365926402,21.558653368550278,1021.6083432721892,42.93031330936721
30.0,1200.0,65,1.8027756377319946,21.33016284728008,1019.5286688523836,41.97132920257229
30.0,1200.0,65,1.9026297590440449,21.128471469992796,1017.9082703113679,41.0589482442983
30.0,1200.0,65,2.0024984394500787,20.95167193366231,1016.6631473308032,40.1933352514661
30.0,1200.0,65,2.1023796041628637,20.797767305399926,1015.7195891434181,39.37438750679324
30.0,1200.0,65,2.202271554554524,20.66472166515537,1015.0144208133156,38.601751174681624
30.0,1200.0,65,2.302172886644268,20.550505043865435,1014.4946811411218,37.874839145377614
30.0,1200.0,65,2.402082429892863,20.453132014607597,1014.1168924881648,37.19285010339018
30.0,1200.0,65,2.5019992006393608,20.37069360999765,1013.8460712396394,36.554788571068265
30.0,1200.0,65,2.6019223662515376,20.30138253109478,1013.6546068538405,35.959485653186796
30.0,1200.0,65,2.701851217221259,20.243511867917437,1013.5211117786754,35.405620198022085
30.0,1200.0,65,2.8017851452243803,20.195527760647373,1013.429317651296,34.89174009116972
30.0,1200.0,65,2.901723625709382,20.156016589392667,1013.3670679423835,34.41628340776491
30.0,1200.0,65,3.0016662039607267,20.12370738847145,1013.3254354101628,33.97759916490491
30.0,1200.0,65,3.1016124838541645,20.097470241165897,1013.2979753392202,33.57396743740936
30.0,1200.0,65,3.2015621187164247,20.07631142776409,1013.2801127660541,33.20361862528344
30.0,1200.0,65,3.301514803843836,20.059366080066994,1013.2686534129168,32.86475168922672
30.0,1200.0,65,3.40147027033899,20.045889046910776,1013.2614032117999,32.55555120023701
30.0,1200.0,65,3.5014282800023193,20.035244605421546,1013.25687930132,32.27420307987938
30.0,1200.0,65,3.6013886210738213,20.026895569185278,1013.2540954113935,32.018908938309174
30.0,1200.0,65,3.7013511046643495,20.020392254089156,1013.2524058875692,31.78789894693902
30.0,1200.0,65,3.8013155617496426,20.015361671102923,1013.2513946554247,31.579443211103662
30.0,1200.0,65,3.901281840626232,20.011497227410793,1013.2507977414201,31.39186163468849
30.0,1200.0,65,4.001249804748512,20.008549136576935,1013.2504502475986,31.223532293029567
30.0,1200.0,65,4.101219330881976,20.006315667182513,1013.2502507411782,31.072898352150602
30.0,1200.0,65,4.201190307520001,20.004635298921695,1013.2501377768873,30.938473591354594
30.0,1200.0,65,4.301162633521313,20.00337980591499,1013.2500746956736,30.818846602207906
30.0,1200.0,65,4.401136216933078,20.002448248709275,1013.2500399553794,30.712683749998206
30.0,1200.0,65,4.50111097397076,20.001761828281314,1013.2500210866975,30.618730993848974
30.0,1200.0,65,4.601086828130937,20.001259536190382,1013.2500109796507,30.53581466893198
30.0,1200.0,65,4.701063709417264,20.0008945234882,1013.2500056403835,30.462841338793233
30.0,1200.0,65,4.801041553663122,20.0006311056758,1013.2500028586614,30.39879682790051
30.0,1200.0,65,4.901020301937139,20.00044232051904,1013.2500014293709,30.342744544371403
30.0,1200.0,65,5.000999900019995,20.00030795862527,1013.2500007050984,30.29382320071418
30.0,1200.0,65,0.2,28.676323347781928,1165.2016989194485,62.06178752986637
30.0,1200.0,65,0.223606797749979,28.521789268968156,1161.1835254178839,61.716496551422495
30.0,1200.0,65,0.28284271247461906,28.13663715766792,1151.2363405578888,60.85241082668547
30.0,1200.0,65,0.36055512754639896,27.63824315315463,1138.5398726323338,59.72501769044277
30.0,1200.0,65,0.447213595499958,27.093881150142263,1124.9566512886488,58.47823005183771
30.0,1200.0,65,0.5385164807134505,26.536021028539604,1111.416663699718,57.179108119584086
30.0,1200.0,65,0.632455532033676,25.98161452683528,1098.4185588917353,55.860893812723454
30.0,1200.0,65,0.7280109889280519,25.440660693068992,1086.2523459218548,54.54214568024265
30.0,1200.0,65,0.8246211251235323,24.919666149438406,1075.0899205184803,53.23450496100118
30.0,1200.0,65,0.9219544457292888,24.42311723876343,1065.0251161530866,51.94601827062179
30.0,1200.0,65,1.019803902718557,23.954159460225686,1056.0944622545944,50.68267031896612
30.0,1200.0,65,1.118033988749895,23.51494176046283,1048.2903376265447,49.44914265989782
30.0,1200.0,65,1.216552506059644,23.106811758085627,1041.5709982693677,48.24921305752575
30.0,1200.0,65,1.3152946437965907,22.730442607790764,1035.8691620784873,47.08597731783494
30.0,1200.0,65,1.4142135623730951,22.385928293164355,1031.0996965738964,45.96197890875896
30.0,1200.0,65,1.5132745950421556,22.07286451617174,1027.1664959405653,44.87928884827831
30.0,1200.0,65,1.61245154965971,21.790423037644544,1023.9684716948868,43.8395581107899
30.0,1200.0,65,1.711724276862369,21.53742269514139,1021.4045570388723,42.84405470719511
30.0,1200.0,65,1.8110770276274835,21.312397974019827,1019.3776628763763,41.89369230172448
30.0,1200.0,65,1.91049731745428,21.11366483659145,1017.7975841333581,40.98905432839865
30.0,1200.0,65,2.009975124224178,20.93938298990103,1016.5829165973128,40.13041591657446
30.0,1200.0,65,2.1095023109728985,20.787613618223094,1015.6620950526585,39.317764958547855
30.0,1200.0,65,2.209072203437452,20.65637166713664,1014.9736974994181,38.550823057716535
30.0,1200.0,65,2.3086792761230392,20.543671948760323,1014.4661764989423,37.82906672494445
30.0,1200.0,65,2.4083189157584592,20.44756858217881,1014.097178866716,37.151748955563434
30.0,1200.0,65,2.5079872407968904,20.366187548417685,1013.8326023975668,36.51792116948754
30.0,1200.0,65,2.6076809620810595,20.297752397279364,1013.6455171571776,35.92645540242219
30.0,1200.0,65,2.7073972741361767,20.24060337474006,1013.515053175662,35.37606657896257
30.0,1200.0,65,2.8071337695236402,20.193210432248428,1013.4253296637377,34.86533466705034
30.0,1200.0,65,2.906888370749727,20.15418072662836,1013.3644758393557,34.39272650031142
30.0,1200.0,65,3.0066592756745814,20.12226131940533,1013.3237718788197,33.95661705514029
30.0,1200.0,65,3.1064449134018135,20.096337838874092,1013.2969213002501,33.55530997941254
30.0,1200.0,65,3.2062439083762797,20.075429881411875,1013.2794534416862,33.187057186715656
30.0,1200.0,65,3.306055050963308,20.058683906540466,1013.2682462849359,32.85007735192151
30.0,1200.0,65,3.4058772731852804,20.04536433021237,1013.2611550544405,32.542573169131195
30.0,1200.0,65,3.5057096285916205,20.034843450248538,1013.2567299995612,32.26274726015657
30.0,1200.0,65,3.605551275463989,20.026590754081333,1013.2540067522908,32.00881664964412
30.0,1200.0,65,3.705401462729781,20.020162068603405,1013.2523539258905,31.77902575076625
30.0,1200.0,65,3.8052595180880897,20.015188920698165,1013.2513645997302,31.571657832332402
30.0,1200.0,65,3.9051248379533274,20.011368389527053,1013.2507805845603,31.385044963581624
30.0,1200.0,65,4.004996878900157,20.00845365130698,1013.2504405826134,31.21757645631429
30.0,1200.0,65,4.104875150354759,20.00624534643243,1013.2502453683499,31.067705845028115
30.0,1200.0,65,4.2047592083257275,20.004583838663923,1013.2501348295478,30.933956464080623
30.0,1200.0,65,4.304648650006176,20.003342387127468,1013.2500731002694,30.814925696445375
30.0,1200.0,65,4.404543109109048,20.002421213762123,1013.2500391032346,30.709287981295297
30.0,1200.0,65,4.504442251822083,20.001742420811382,1013.2500206375928,30.615796677447094
30.0,1200.0,65,4.604345773288536,20.00124569383126,1013.2500107461093,30.533284886722154
30.0,1200.0,65,4.70425339453563,20.000884714144885,1013.250005520557,30.46066534566681
30.0,1200.0,65,4.804164859785726,20.000624199306397,1013.250002798001,30.396929496022995
30.0,1200.0,65,4.904079934095692,20.000437489578808,1013.2500013990729,30.341145844080643
30.0,1200.0,65,5.0039984012787215,20.000304601419618,1013.2500006901679,30.292457716834285
30.0,1200.0,65,0.30000000000000004,28.025873486341524,1148.3960466360818,60.602847140701215
30.0,1200.0,65,0.316227766016838,27.921473917958973,1145.7282304789069,60.367131717236745
30.0,1200.0,65,0.36055512754639896,27.63824315315463,1138.5398726323338,59.72501769044277
30.0,1200.0,65,0.42426406871192857,27.236736098317632,1128.488770714156,58.807214581534254
30.0,1200.0,65,0.5,26.769222390213795,1117.025068335312,57.72515871285641
30.0,1200.0,65,0.5830951894845301,26.270290934463368,1105.1247653407622,56.55104280804768
30.0,1200.0,65,0.670820393249937,25.76150122030579,1093.4022223572351,55.32857634411171
30.0,1200.0,65,0.7615773105863909,25.25658172421515,1082.2424574435522,54.08474591155037
30.0,1200.0,65,0.8544003745317532,24.764645827504843,1071.8844541665271,52.83707946737721
30.0,1200.0,65,0.9486832980505139,24.291953004403492,1062.4684251325953,51.59762771081908
30.0,1200.0,65,1.044030650891055,23.842864457203497,1054.0635839185845,50.375117748203465
30.0,1200.0,65,1.140175425099138,23.420379772163514,1046.686150228012,49.17614298309116
30.0,1200.0,65,1.2369316876852983,23.02645684767145,1040.3124618044496,48.00584194201674
30.0,1200.0,65,1.3341664064126335,22.662218559585103,1034.8894686231217,46.86829934040358
30.0,1200.0,65,1.4317821063276355,22.328099452093248,1030.3435936649053,45.766791734161444
30.0,1200.0,65,1.5297058540778354,22.02396015972959,1026.5883307310498,44.7039437842724
30.0,1200.0,65,1.6278820596099708,21.74918393486302,1023.530681694187,43.6818318996783
30.0,1200.0,65,1.726267650163207,21.50276253993451,1021.0764439499693,42.702056352408995
30.0,1200.0,65,1.8248287590894658,21.28337490543314,1019.1343545484608,41.76579429344731
30.0,1200.0,65,1.9235384061671346,21.089459867153234,1017.6191315132094,40.87384115329969
30.0,1200.0,65,2.0223748416156684,20.919283207525613,1016.4534974231066,40.02664500432961
30.0,1200.0,65,2.1213203435596424,20.77099871743542,1015.5693099991774,39.22433670490405
30.0,1200.0,65,2.220360331117452,20.642702829160385,1014.9079515533576,38.466757556556416
30.0,1200.0,65,2.3194827009486407,20.532482405622265,1014.4201412011889,37.75348551590929
30.0,1200.0,65,2.418677324489565,20.438455416601762,1014.0653315256294,37.08386055905356
30.0,1200.0,65,2.5179356624028344,20.35880443041961,1013.8108376748911,36.45700950696699
30.0,1200.0,65,2.6172504656604803,20.291803060744762,1013.630825345115,35.87187043187395
30.0,1200.0,65,2.716615541441225,20.235835706687986,1013.5052584917822,35.32721664254963
30.0,1200.0,65,2.816025568065745,20.189411093679627,1013.4188812324098,34.82168017014867
30.0,1200.0,65,2.9154759474226504,20.15117025346805,1013.3602837880176,34.35377463133317
30.0,1200.0,65,3.014962686336267,20.119889670055752,1013.3210811363045,33.921917323014675
30.0,1200.0,65,3.1144823004794877,20.09448036483618,1013.2952161670077,33.524450396514816
30.0,1200.0,65,3.2140317359976396,20.073983701978626,1013.2783867086805,33.15966096383479
30.0,1200.0,65,3.3136083051561784,20.05756466966861,1013.2675875091641,32.825800001659864
30.0,1200.0,65,3.4132096331752027,20.044503340783702,1013.2607534675192,32.52109993717986
30.0,1200.0,65,3.5128336140500593,20.03418514507347,1013.2564883649093,32.24379082181786
30.0,1200.0,65,3.6124783736376886,20.026090500893876,1013.2538632509076,31.9921150229747
30.0,1200.0,65,3.7121422386541174,20.019784264421308,1013.2522698151739,31.76434038867972
30.0,1200.0,65,3.811823710509184,20.01490536355422,1013.2513159447182,31.55877186459531
30.0,1200.0,65,3.9115214431215897,20.01115689685471,1013.2507528086177,31.37376156636925
30.0,1200.0,65,4.011234224026316,20.008296898215153,1013.2504249345658,31.207717332250127
30.0,1200.0,65,4.110960958218894,20.006129897689725,1013.2502366689783,31.05910980071651
30.0,1200.0,65,4.21070065428546,20.00449934934265,1013.250130057122,30.92647807529206
30.0,1200.0,65,4.310452412450461,20.003280948420592,1013.2500705168067,30.8084340535166
30.0,1200.0,65,4.41021541423999,20.0023768223602,1013.2500377232767,30.70366550911219
30.0,1200.0,65,4.509988913511872,20.001710552294,1013.2500199102824,30.610938025708723
30.0,1200.0,65,4.609772228646444,20.001222962682167,1013.2500103678808,30.529095887138176
30.0,1200.0,65,4.709564735726647,20.000868605151652,1013.2500053264862,30.45706203339883
30.0,1200.0,65,4.80936586256442,20.000612857182297,1013.2500026997517,30.393837193108983
30.0,1200.0,65,4.909175083453431,20.00042955559323,1013.2500013499986,30.33849830283555
30.0,1200.0,65,5.008991914547277,20.00029908760778,1013.2500006659841,30.2901963213434
30.0,1200.0,65,0.4,27.388826803635276,1132.2754651276878,59.15601128018325
30.0,1200.0,65,0.4123105625617661,27.311530400117544,1130.3476832011033,58.97892548270387
30.0,1200.0,65,0.447213595499958,27.093881150142263,1124.9566512886488,58.47823005183771
30.0,1200.0,65,0.5,26.769222390213795,1117.025068335312,57.72515871285641
30.0,1200.0,65,0.5656854249492381,26.37351888233937,1107.5559627737757,56.795806939851744
30.0,1200.0,65,0.6403124237432849,25.936226772983268,1097.377095895847,55.751578950006866
30.0,1200.0,65,0.7211102550927979,25.478897995168904,1087.0939279197146,54.63657032071309
30.0,1200.0,65,0.806225774829855,25.016761300923733,1077.1255922451537,53.48136836482828
30.0,1200.0,65,0.894427190999916,24.56056540250256,1067.7512218056024,52.3073160881878
30.0,1200.0,65,0.9848857801796105,24.117954352741137,1059.1464866249084,51.12966405450838
30.0,1200.0,65,1.077032961426901,23.694375231247776,1051.409689070042,49.95963274858137
30.0,1200.0,65,1.1704699910719625,23.293660194113038,1044.5806229472132,48.80571218114444
30.0,1200.0,65,1.264911064067352,22.918405451437884,1038.6549336753162,47.6744776282846
30.0,1200.0,65,1.3601470508735443,22.570228608477613,1033.5956630190867,46.57110750729787
30.0,1200.0,65,1.4560219778561039,22.249954041536462,1029.3428685199065,45.49971851401325
30.0,1200.0,65,1.5524174696260025,21.957755532199098,1025.8217342226806,44.463587811249226
30.0,1200.0,65,1.6492422502470645,21.693272972120628,1022.9493460014468,43.46530461659352
30.0,1200.0,65,1.7464249196572983,21.45571256637068,1020.6402041985391,42.50687715020329
30.0,1200.0,65,1.8439088914585775,21.243935608952334,1018.8105260191921,41.589811074413966
30.0,1200.0,65,1.94164878389476,21.05653836819848,1017.3814092449996,40.715169586884905
30.0,1200.0,65,2.039607805437114,20.891924184920864,1016.280961571309,39.88362164295387
30.0,1200.0,65,2.137755832643195,20.748368125461592,1015.4455308854693,39.09548246637444
30.0,1200.0,65,2.23606797749979,20.624074185687057,1014.8201929873013,38.35074902607524
30.0,1200.0,65,2.3345235059857505,20.517224948117114,1014.3586615452512,37.64913219357673
30.0,1200.0,65,2.433105012119288,20.426023648013295,1014.0227807700895,36.990086661050846
30.0,1200.0,65,2.5317977802344327,20.348728735947056,1013.7817466805607,36.372839277475826
30.0,1200.0,65,2.6305892875931813,20.28368118751752,1013.61118120107,35.79641617761118
30.0,1200.0,65,2.7294688127912363,20.229324974378386,1013.4921581032792,35.25966888977078
30.0,1200.0,65,2.8284271247461903,20.18422125454099,1013.410254034449,34.761299483995025
30.0,1200.0,65,2.9274562336608896,20.147056952246274,1013.3546739282277,34.29988474268623
30.0,1200.0,65,3.026549190084311,20.11664847294473,1013.3174795265651,33.87389928790807
30.0,1200.0,65,3.125699921617557,20.09194133613956,1013.2929333419924,33.48173757427276
30.0,1200.0,65,3.22490309931942,20.072006510449047,1013.27695830275,33.12173464722303
30.0,1200.0,65,3.3241540277189325,20.05603420592495,1013.2667052261421,32.79218556889974
30.0,1200.0,65,3.423448553724738,20.043325824474458,1013.2602155473091,32.49136342421267
30.0,1200.0,65,3.5227829907617076,20.033284696807055,1013.2561646521407,32.21753583557499
30.0,1200.0,65,3.622154055254967,20.02540615026255,1013.2536709798356,31.968979933997957
30.0,1200.0,65,3.721558813185679,20.019267362270348,1013.2521571053159,31.743995755287997
30.0,1200.0,65,3.82099463490856,20.014517364319968,1013.2512507388328,31.540918051702857
30.0,1200.0,65,3.920459156782532,20.010867475460866,1013.2507155803356,31.358126530635754
30.0,1200.0,65,4.019950248448356,20.008082365689965,1013.25040395937,31.19405455195734
30.0,1200.0,65,4.119465984809197,20.005971880269364,1013.2502250069946,31.04719633399099
30.0,1200.0,65,4.219004621945797,20.004383697222377,1013.2501236588938,30.91611273432295
30.0,1200.0,65,4.318564576337836,20.003196842339797,1013.2500670529793,30.79943568548672
30.0,1200.0,65,4.418144406874904,20.00231604868564,1013.2500358729384,30.69587137686013
30.0,1200.0,65,4.517742799230607,20.00166692002987,1013.2500189349913,30.604202282823906
30.0,1200.0,65,4.6173585522460785,20.001191838735636,1013.2500098606612,30.523288143386996
30.0,1200.0,65,4.7169905660283025,20.000846547090823,1013.2500050662139,30.45206600719169
30.0,1200.0,65,4.8166378315169185,20.000597325538976,1013.2500025679803,30.389549448232476
30.0,1200.0,65,4.9162994213127424,20.000418690410072,1013.2500012841771,30.334827066961147
30.0,1200.0,65,5.015974481593781,20.00029153635722,1013.2500006335456,30.287060383943068
30.0,1200.0,65,0.5,26.769222390213795,1117.025068335312,57.72515871285641
30.0,1200.0,65,0.5099019513592785,26.708962389950937,1115.5684200597793,57.58449003621543
30.0,1200.0,65,0.5385164807134505,26.536021028539604,1111.416663699718,57.179108119584086
30.0,1200.0,65,0.5830951894845301,26.270290934463368,1105.1247653407622,56.55104280804768
30.0,1200.0,65,0.6403124237432849,25.936226772983268,1097.377095895847,55.751578950006866
30.0,1200.0,65,0.7071067811865476,25.55689790282795,1088.8196502899207,54.82858402549792
30.0,1200.0,65,0.7810249675906655,25.151406478050855,1079.9831230800132,53.821210703536835
30.0,1200.0,65,0.8602325267042628,24.734602144942247,1071.269709582249,52.759570517842235
30.0,1200.0,65,0.9433981132056605,24.31770772688415,1062.9669316002519,51.66632381923861
30.0,1200.0,65,1.0295630140987,23.909094828479518,1055.2678917256935,50.558524066237354
30.0,1200.0,65,1.118033988749895,23.51494176046283,1048.2903376265447,49.44914265989782
30.0,1200.0,65,1.2083045973594573,23.1397298081139,1042.092844913732,48.34818977970622
30.0,1200.0,65,1.3,22.78660494899244,1036.6883335409473,47.26350013987619
30.0,1200.0,65,1.392838827718412,22.457643192766177,1032.0554603299754,46.20127502027159
30.0,1200.0,65,1.4866068747318506,22.15405104607953,1028.1483044283436,45.16645622766551
30.0,1200.0,65,1.5811388300841898,21.876323299948844,1024.904585417706,44.162986667455016
30.0,1200.0,65,1.6763054614240211,21.624372633125326,1022.2525341587061,43.19399497505945
30.0,1200.0,65,1.7720045146669352,21.397640026048492,1020.1164830440476,42.2619293088827
30.0,1200.0,65,1.8681541692269406,21.19519131211265,1018.4212366104284,41.36865701750284
30.0,1200.0,65,1.9646882704388502,21.015802851260727,1017.0953040127071,40.515541309718664
30.0,1200.0,65,2.0615528128088303,20.858037879700262,1016.0731044835159,39.70350235800818
30.0,1200.0,65,2.1587033144922905,20.720314267765676,1015.2962839269683,38.93306780994075
30.0,1200.0,65,2.2561028345356955,20.60096399676531,1014.7142986158964,38.20441603990817
30.0,1200.0,65,2.353720459187964,20.498284501510856,1014.2844279905727,37.51741436638079
30.0,1200.0,65,2.451530134426253,20.41058201908184,1013.9713730933165,36.87165370735135
30.0,1200.0,65,2.5495097567963922,20.336207167463645,1013.746582332469,36.26648063175591
30.0,1200.0,65,2.6476404589747453,20.273583102286587,1013.5874250555157,35.7010274111399
30.0,1200.0,65,2.7459060435491964,20.221226733333314,1013.4763089932667,35.17424043335652
30.0,1200.0,65,2.844292530665579,20.177763603262516,1013.3998128414654,34.68490717506919
30.0,1200.0,65,2.9427877939124327,20.141937126027305,1013.3478822638027,34.23168181954585
30.0,1200.0,65,3.0413812651491097,20.11261294506521,1013.3131178754624,33.81310953503632
30.0,1200.0,65,3.1400636936215167,20.088779199644318,1013.2901680254256,33.427649385956684
30.0,1200.0,65,3.23882694814033,20.06954348341775,1013.2752275653027,33.07369582634491
30.0,1200.0,65,3.3376638536557275,20.054127246312703,1013.2656359610959,32.7495987169037
30.0,1200.0,65,3.4365680554879168,20.04185833485821,1013.2595634913548,32.45368180918521
30.0,1200.0,65,3.5355339059327378,20.032162293101273,1013.2557721798855,32.1842596499047
30.0,1200.0,65,3.6345563690772495,20.024552962578177,1013.2534378281429,31.939652872550596
30.0,1200.0,65,3.733630940518894,20.01862283116921,1013.2520204092287,31.718201860490943
30.0,1200.0,65,3.83275357934736,20.014033492087446,1013.2511716445312,31.518278784185636
30.0,1200.0,65,3.9319206502675,20.010506489804975,1013.2506704165006,31.338298033752622
30.0,1200.0,65,4.031128874149275,20.007814752448844,1013.2503785098899,31.176725086122758
30.0,1200.0,65,4.130375285612677,20.005774742141735,1013.2502108556903,31.03208386268696
30.0,1200.0,65,4.2296571965113205,20.004239397034205,1013.2501158940746,30.902962648208025
30.0,1200.0,65,4.328972164382672,20.00309189170068,1013.2500628488872,30.788018654510047
30.0,1200.0,65,4.428317965096906,20.00224020583936,1013.2500336269449,30.685981322872067
30.0,1200.0,65,4.527692569068709,20.001612464045735,1013.2500177510497,30.595654467052604
30.0,1200.0,65,4.627094120503711,20.001152990725,1013.2500092448771,30.515917364462315
30.0,1200.0,65,4.72652091923859,20.00081901270151,1013.2500047502089,30.445724906264477
30.0,1200.0,65,4.825971404805462,20.00057793644836,1013.2500024079807,30.38410691825839
30.0,1200.0,65,4.925444142409901,20.000405125807276,1013.2500012042497,30.330166763476928
30.0,1200.0,65,5.024937810560445,20.00028210841002,1013.2500005941528,30.283079334728654
30.0,1200.0,65,0.6000000000000001,26.17075077451974,1102.7966478184135,56.314037191604726
30.0,1200.0,65,0.608276253029822,26.12227176688141,1101.6686950567964,56.19824613382028
30.0,1200.0,65,0.632455532033676,25.98161452683528,1098.4185588917353,55.860893812723454
30.0,1200.0,65,0.670820393249937,25.76150122030579,1093.4022223572351,55.32857634411171
30.0,1200.0,65,0.7211102550927979,25.478897995168904,1087.0939279197146,54.63657032071309
30.0,1200.0,65,0.7810249675906655,25.151406478050855,1079.9831230800132,53.821210703536835
30.0,1200.0,65,0.8485281374238571,24.795001221869533,1072.5077373433992,52.915229610650194
30.0,1200.0,65,0.9219544457292889,24.42311723876343,1065.0251161530864,51.94601827062179
30.0,1200.0,65,1.0,24.04656761927286,1057.8072108748443,50.93565084392348
30.0,1200.0,65,1.0816653826391969,23.67382155720896,1051.0474559829502,49.9016373032258
30.0,1200.0,65,1.1661903789690602,23.311374592689702,1044.8718727543528,48.85782283062244
30.0,1200.0,65,1.252996408614167,22.96409670496745,1039.3509274864555,47.815190873792744
30.0,1200.0,65,1.341640786499874,22.635524772829726,1034.5107961527433,46.782504276543364
30.0,1200.0,65,1.4317821063276355,22.328099452093248,1030.3435936649053,45.766791734161444
30.0,1200.0,65,1.5231546211727818,22.043356844446695,1026.8164439810073,44.77370884010961
30.0,1200.0,65,1.6155494421403513,21.782086221487535,1023.8793565868722,43.80780449606625
30.0,1200.0,65,1.7088007490635064,21.544462913720597,1021.471898461586,42.872718395380744
30.0,1200.0,65,1.8027756377319948,21.33016284728008,1019.5286688523836,41.97132920257229
30.0,1200.0,65,1.8973665961010278,21.13846298006658,1017.9836117630172,41.10586777520199
30.0,1200.0,65,1.9924858845171276,20.968330243059093,1016.7732355154642,40.27800568982478
30.0,1200.0,65,2.08806130178211,20.818500482636207,1015.8388430709081,39.48892632724392
30.0,1200.0,65,2.1840329667841556,20.687548213315882,1015.1279046456342,38.739383611649316
30.0,1200.0,65,2.280350850198276,20.573947614184032,1014.5947215826359,38.029751962039136
30.0,1200.0,65,2.3769728648009427,20.476125041014846,1014.2005360852663,37.360069926375175
30.0,1200.0,65,2.4738633753705965,20.39250330467693,1013.9132360528391,36.73007919890319
30.0,1200.0,65,2.570992026436488,20.321538027967676,1013.7067900641259,36.13926017590287
30.0,1200.0,65,2.668332812825267,20.261746495520843,1013.5605274186379,35.586864819382725
30.0,1200.0,65,2.7658633371878665,20.21172952486148,1013.4583550487617,35.07194732613515
30.0,1200.0,65,2.863564212655271,20.17018699058646,1013.3879796978541,34.593392909069394
30.0,1200.0,65,2.96141857899217,20.135927715202936,1013.340182060045,34.14994486627287
30.0,1200.0,65,3.059411708155671,20.107874492546703,1013.3081709399113,33.74023002476828
30.0,1200.0,65,3.157530680769389,20.085065030739695,1013.287030589376,33.36278258889863
30.0,1200.0,65,3.2557641192199416,20.066649592563415,1013.2732633322988,33.01606638927294
30.0,1200.0,65,3.3541019662496847,20.051886075523157,1013.2644221040606,32.698495511023964
30.0,1200.0,65,3.452535300326414,20.04013321681276,1013.2588230728995,32.40845327509668
30.0,1200.0,65,3.5510561809129406,20.030842535614454,1013.2553264184639,32.14430954985267
30.0,1200.0,65,3.6496575181789317,20.023549542516946,1013.2531729627927,31.90443637970605
30.0,1200.0,65,3.7483329627982624,20.017864658763088,1013.2518650888449,31.6872219306812
30.0,1200.0,65,3.847076812334269,20.01346420129946,1013.2510817575406,31.491082768046535
30.0,1200.0,65,3.945883931389772,20.010081707056553,1013.2506190812314,31.31447449724732
30.0,1200.0,65,4.044749683231337,20.00749979443152,1013.2503495783191,31.155900815242166
30.0,1200.0,65,4.1436698710201325,20.005542693507348,1013.2501947658097,31.013921034292473
30.0,1200.0,65,4.242640687119285,20.00406952017445,1013.250107064362,30.88715615371139
30.0,1200.0,65,4.341658669218481,20.00296832331783,1013.2500580676276,30.774293566666607
30.0,1200.0,65,4.440720662234904,20.002150898282494,1013.250031072304,30.674090498608336
30.0,1200.0,65,4.539823785126467,20.00154833316835,1013.2500164042605,30.58537628113751
30.0,1200.0,65,4.6389654018972815,20.00110723606904,1013.2500085443216,30.507053570115385
30.0,1200.0,65,4.738143096192854,20.00078657992685,1013.2500043906663,30.438098619601615
30.0,1200.0,65,4.83735464897913,20.000555095944808,1013.2500022259205,30.37756072391346
30.0,1200.0,65,4.9365980188789935,20.0003891452276,1013.2500011132942,30.32456093889626
30.0,1200.0,65,5.035871324805669,20.000271000365206,1013.250000549321,30.278290190590024
30.0,1200.0,65,0.7000000000000001,25.596689271994116,1089.7046070497024,54.9262341039328
30.0,1200.0,65,0.7071067811865476,25.55689790282795,1088.8196502899207,54.82858402549792
30.0,1200.0,65,0.7280109889280519,25.440660693068992,1086.2523459218548,54.54214568024265
30.0,1200.0,65,0.7615773105863909,25.25658172421515,1082.2424574435522,54.08474591155037
30.0,1200.0,65,0.806225774829855,25.016761300923733,1077.1255922451537,53.48136836482828
30.0,1200.0,65,0.8602325267042628,24.734602144942247,1071.269709582249,52.759570517842235
30.0,1200.0,65,0.9219544457292889,24.42311723876343,1065.0251161530864,51.94601827062179
30.0,1200.0,65,0.9899494936611667,24.09395486209919,1058.6946804585314,51.06457386121982
30.0,1200.0,65,1.063014581273465,23.7570079602679,1052.521230250016,50.13562441030299
30.0,1200.0,65,1.140175425099138,23.420379772163514,1046.686150228012,49.17614298309116
30.0,1200.0,65,1.2206555615733703,23.090521282721156,1041.314090433277,48.20007802864531
30.0,1200.0,65,1.3038404810405297,22.772429245145197,1036.4804974971848,47.21883152303441
30.0,1200.0,65,1.3892443989449808,22.469849874896486,1032.220118247294,46.24171121323601
30.0,1200.0,65,1.47648230602334,22.185466341021925,1028.5354965132312,45.276315124534634
30.0,1200.0,65,1.565247584249853,21.921064408679424,1025.4049461725242,44.32884201734716
30.0,1200.0,65,1.6552945357246849,21.677677266249702,1022.7897179525961,43.40433593874087
30.0,1200.0,65,1.7464249196572983,21.45571256637068,1020.6402041985391,42.50687715020329
30.0,1200.0,65,1.8384776310850237,21.25506471437469,1018.9011072938231,41.639731421512124
30.0,1200.0,65,1.9313207915827968,21.075214773335283,1017.5155604075613,40.80546784019948
30.0,1200.0,65,2.024845673131659,20.915319607223843,1016.4282420492021,40.006053167065645
30.0,1200.0,65,2.118962010041709,20.77429127405826,1015.58756906316,39.242928859072244
30.0,1200.0,65,2.2135943621178655,20.65086726492767,1014.947084546743,38.51707532020669
30.0,1200.0,65,2.3086792761230392,20.543671948760323,1014.4661764989423,37.82906672494445
30.0,1200.0,65,2.4041630560342617,20.451269488886762,1014.1102699001884,37.17911883616918
30.0,1200.0,65,2.5000000000000004,20.372208503797726,1013.8506308236663,36.56713154982095
30.0,1200.0,65,2.596150997149434,20.305058812865177,1013.6639084922152,35.99272738828907
30.0,1200.0,65,2.6925824035672523,20.24844070681056,1013.5315227870448,35.455286789925964
30.0,1200.0,65,2.7892651361962706,20.20104728831777,1013.4389834413979,34.95398076916761
30.0,1200.0,65,2.8861739379323628,20.161660523247814,1013.3752055040133,34.48780132499204
30.0,1200.0,65,2.98328677803526,20.129161716340484,1013.3318655456279,34.0555898356587
30.0,1200.0,65,3.0805843601498726,20.102537171105645,1013.3028257642651,33.65606358053823
30.0,1200.0,65,3.178049716414141,20.08087980992247,1013.2836392572026,33.287840464653605
30.0,1200.0,65,3.2756678708318403,20.06338751839485,1013.2711393874204,32.94946198024171
30.0,1200.0,65,3.3734255586866007,20.049358941160207,1013.2631091204053,32.639414416081586
30.0,1200.0,65,3.471310991541957,20.038187399388498,1013.2580219507036,32.35614831482633
30.0,1200.0,65,3.5693136595149495,20.0293535285707,1013.254843978555,32.09809617748304
30.0,1200.0,65,3.66742416417845,20.022417154400618,1013.2528862311124,31.863688419677924
30.0,1200.0,65,3.7656340767525465,20.01700883976529,1013.2516969065391,31.651367594198444
30.0,1200.0,65,3.8639358172723317,20.01282145158373,1013.2509844061025,31.459600906778427
30.0,1200.0,65,3.9623225512317903,20.009602016133652,1013.2505634718362,31.28689106581884
30.0,1200.0,65,4.060788100849391,20.007144058322698,1013.2503182321186,31.131785520657857
30.0,1200.0,65,4.159326868617085,20.005280555924433,1013.2501773300603,30.992884156311323
30.0,1200.0,65,4.257933771208753,20.00387758510145,1013.2500974945341,30.868845524700625
30.0,1200.0,65,4.356604182158392,20.00282868884954,1013.2500528848215,30.75839170284674
30.0,1200.0,65,4.455333881989093,20.00204996500998,1013.2500283027277,30.660311877061552
30.0,1200.0,65,4.55411901469428,20.001475844472974,1013.2500149439676,30.57346475865957
30.0,1200.0,65,4.652956049652737,20.00105551210956,1013.2500077846319,30.49677994109557
30.0,1200.0,65,4.751841748206689,20.000749911637964,1013.2500040007297,30.42925831074255
30.0,1200.0,65,4.850773134253962,20.00052926981953,1013.2500020284485,30.36997162386155
30.0,1200.0,65,4.949747468305833,20.000371073887695,1013.2500010146291,30.31806136083537
30.0,1200.0,65,5.048762224545735,20.000258437835004,1013.2500005006847,30.2727369656344
30.0,1200.0,65,0.8,25.049850750938457,1077.8241509637292,53.565149288099846
30.0,1200.0,65,0.806225774829855,25.016761300923733,1077.1255922451537,53.48136836482828
30.0,1200.0,65,0.8246211251235323,24.919666149438406,1075.0899205184803,53.23450496100118
30.0,1200.0,65,0.8544003745317532,24.764645827504843,1071.8844541665271,52.83707946737721
30.0,1200.0,65,0.894427190999916,24.56056540250256,1067.7512218056024,52.3073160881878
30.0,1200.0,65,0.9433981132056605,24.31770772688415,1062.9669316002519,51.66632381923861
30.0,1200.0,65,1.0,24.04656761927286,1057.8072108748443,50.93565084392348
30.0,1200.0,65,1.063014581273465,23.7570079602679,1052.521230250016,50.13562441030299
30.0,1200.0,65,1.1313708498984762,23.457785861511603,1047.3173905676117,49.28447456547827
30.0,1200.0,65,1.2041594578792296,23.15635969988555,1042.3578516576765,48.39803603475302
30.0,1200.0,65,1.2806248474865698,22.858872333447326,1037.7590321648204,47.48979569979285
30.0,1200.0,65,1.3601470508735445,22.570228608477613,1033.5956630190867,46.57110750729787
30.0,1200.0,65,1.4422205101855958,22.294214846296896,1029.9066841533972,45.651463859036475
30.0,1200.0,65,1.5264337522473748,22.03363125876028,1026.701868950524,44.738764660510206
30.0,1200.0,65,1.61245154965971,21.790423037644544,1023.9684716948868,43.8395581107899
30.0,1200.0,65,1.7,21.56580407089635,1021.6774577049603,42.95924543128272
30.0,1200.0,65,1.788854381999832,21.360371281141436,1019.7890477054219,42.102250515290606
30.0,1200.0,65,1.8788294228055937,21.17420930787411,1018.2574269481563,41.2721590425306
30.0,1200.0,65,1.969771560359221,21.00698582757566,1017.0345580144827,40.471832512995626
30.0,1200.0,65,2.0615528128088303,20.858037879700262,1016.0731044835159,39.70350235800818
30.0,1200.0,65,2.154065922853802,20.726449476894626,1015.3285245559262,38.96884853468305
30.0,1200.0,65,2.247220505424423,20.611120679943994,1014.7604304503021,38.269066165099495
30.0,1200.0,65,2.340939982143925,20.510828270554004,1014.3333316697854,37.60492300000827
30.0,1200.0,65,2.4351591323771844,20.424278169179463,1014.0168893425956,36.976809823818954
30.0,1200.0,65,2.529822128134704,20.350149810196626,1013.7858068139203,36.38478538081075
30.0,1200.0,65,2.6248809496813377,20.28713278459002,1013.6194711380679,35.82861698039953
30.0,1200.0,65,2.7202941017470885,20.2339561720594,1013.5014439592674,35.30781761407159
30.0,1200.0,65,2.816025568065745,20.189411093679627,1013.4188812324098,34.82168017014867
30.0,1200.0,65,2.9120439557122078,20.152367110492044,1013.3619416823763,34.36930914877706
30.0,1200.0,65,3.008321791298265,20.121783164372655,1013.3232256319562,33.94965014497479
30.0,1200.0,65,3.104834939252005,20.096713800810157,1013.2972700276575,33.561517271325755
30.0,1200.0,65,3.2015621187164247,20.07631142776409,1013.2801127660541,33.20361862528344
30.0,1200.0,65,3.298484500494129,20.05982535211573,1013.2689298984819,32.874579862156274
30.0,1200.0,65,3.3955853692699294,20.04659829882133,1013.2617427476501,32.5729659082453
30.0,1200.0,65,3.4928498393145966,20.036061062372198,1013.2571879686951,32.29730083497823
30.0,1200.0,65,3.5902646142032486,20.027725870773594,1013.2543415927756,32.046085910803015
30.0,1200.0,65,3.687817782917155,20.021178964239763,1013.2525875585342,31.817815850338075
30.0,1200.0,65,3.78549864614954,20.016072809081685,1013.2515216735113,31.610993287646128
30.0,1200.0,65,3.88329756778952,20.0121182861187,1013.250882948313,31.42414151077005
30.0,1200.0,65,3.981205847478877,20.0090771158536,1013.2505055035111,31.255815506468636
30.0,1200.0,65,4.079215610874228,20.00675471221486,1013.2502855492651,31.10461137634106
30.0,1200.0,65,4.177319714841086,20.004993594625965,1013.2501591472193,30.969174197402907
30.0,1200.0,65,4.27551166528639,20.00366743544915,1013.2500875128123,30.848204411053786
30.0,1200.0,65,4.3737855457258075,20.002675776724686,1013.2500474780106,30.740462833812384
30.0,1200.0,65,4.47213595499958,20.001939416291037,1013.2500254129828,30.644774390893467
30.0,1200.0,65,4.570557952810575,20.001396438120842,1013.2500134200844,30.56003067949235
30.0,1200.0,65,4.669047011971501,20.000998844065155,1013.2500069917484,30.485191472459334
30.0,1200.0,65,4.767598976424087,20.000709733034327,1013.2500035937013,30.41928527490757
30.0,1200.0,65,4.866210024238576,20.000500967781402,1013.2500018222951,30.36140904629111
30.0,1200.0,65,4.964876634922565,20.00035126774618,1013.2500009116143,30.31072719875511
30.0,1200.0,65,5.063595560468865,20.00024466780923,1013.2500004498985,30.26646997927669
30.0,1200.0,65,0.9,24.532547047537363,1067.1916854152062,52.233970359903694
30.0,1200.0,65,0.9055385138137417,24.50479763833184,1066.6394408271287,52.16117717533781
30.0,1200.0,65,0.9219544457292888,24.42311723876343,1065.0251161530866,51.94601827062179
30.0,1200.0,65,0.9486832980505139,24.291953004403492,1062.4684251325953,51.59762771081908
30.0,1200.0,65,0.9848857801796105,24.117954352741137,1059.1464866249084,51.12966405450838
30.0,1200.0,65,1.0295630140987,23.909094828479518,1055.2678917256935,50.558524066237354
30.0,1200.0,65,1.0816653826391969,23.67382155720896,1051.0474559829502,49.9016373032258
30.0,1200.0,65,1.140175425099138,23.420379772163514,1046.686150228012,49.17614298309116
30.0,1200.0,65,1.2041594578792296,23.15635969988555,1042.3578516576765,48.39803603475302
30.0,1200.0,65,1.2727922061357855,22.888443663464848,1038.2024896739185,47.58172340261758
30.0,1200.0,65,1.3453624047073711,22.62230258979467,1034.3242047021156,46.73987444332891
30.0,1200.0,65,1.4212670403551897,22.36259033288557,1030.7929773364017,45.88345168072569
30.0,1200.0,65,1.5000000000000002,22.112995473337108,1027.6484010481065,45.02183551541222
30.0,1200.0,65,1.5811388300841898,21.876323299948844,1024.904585417706,44.162986667455016
30.0,1200.0,65,1.6643316977093239,21.654591196508978,1022.5554630657152,43.31361404661918
30.0,1200.0,65,1.7492855684535902,21.44912780746719,1020.5799992148417,42.47933182185412
30.0,1200.0,65,1.8357559750685821,21.26067072102593,1018.9469733302572,41.66479913148243
30.0,1200.0,65,1.9235384061671346,21.089459867153234,1017.6191315132094,40.87384115329969
30.0,1200.0,65,2.012461179749811,20.93532512689093,1016.5566077895257,40.10955282212697
30.0,1200.0,65,2.1023796041628637,20.797767305399926,1015.7195891434181,39.37438750679324
30.0,1200.0,65,2.193171219946131,20.67603195439215,1015.0702567537732,38.670233167957534
30.0,1200.0,65,2.2847319317591728,20.569175720849916,1014.5740764035476,37.99847833779389
30.0,1200.0,65,2.3769728648009427,20.476125041014846,1014.2005360852663,37.360069926375175
30.0,1200.0,65,2.469817807045694,20.395727132451892,1013.9234403398008,36.75556448874077
30.0,1200.0,65,2.5632011235952596,20.32679337499603,1013.7208712355043,36.18517423873939
30.0,1200.0,65,2.6570660511172846,20.2681353118156,1013.574917862589,35.64880879424278
30.0,1200.0,65,2.751363298439521,20.218593637082954,1013.4712626132674,35.14611338919128
30.0,1200.0,65,2.8460498941515415,20.177060658073668,1013.3986959819301,34.67650408882007
30.0,1200.0,65,2.941088233970549,20.142496819441156,1013.3486143818888,34.23920038954248
30.0,1200.0,65,3.0364452901377956,20.113941950828718,1013.3145392269755,33.83325546756978
30.0,1200.0,65,3.132091952673165,20.09052194344965,1013.2916813832239,33.457584253840864
30.0,1200.0,65,3.228002478313795,20.071451576852052,1013.2765636402247,33.110989451301414
30.0,1200.0,65,3.3241540277189325,20.05603420592495,1013.2667052261421,32.79218556889974
30.0,1200.0,65,3.4205262752974144,20.043658983969447,1013.2603664167693,32.49982102054483
30.0,1200.0,65,3.5171010790137953,20.033796244993177,1013.2563475894926,32.232498323106185
30.0,1200.0,65,3.6138621999185303,20.02599160237186,1013.2538351761989,31.988792422353054
30.0,1200.0,65,3.710795063055895,20.01985924673064,1013.2522863923537,31.767267177087895
30.0,1200.0,65,3.8078865529319543,20.015074848034526,1013.251344924679,31.566490037625833
30.0,1200.0,65,3.9051248379533274,20.011368389527053,1013.2507805845603,31.385044963581624
30.0,1200.0,65,4.0024992192379,20.008517187630673,1013.2504470025308,31.22154363634055
30.0,1200.0,65,4.1,20.006339284698395,1013.2502525582165,31.074635032568306
30.0,1200.0,65,4.197618372363072,20.004687342236185,1013.2501407888324,30.943013435848272
30.0,1200.0,65,4.295346318982906,20.00344311179675,1013.2500774326303,30.825424973407944
30.0,1200.0,65,4.393176527297759,20.002512519424368,1013.250042016808,30.72067277346585
30.0,1200.0,65,4.491102314577124,20.00182136703272,1013.2500224936379,30.627620845694587
30.0,1200.0,65,4.589117562233506,20.001311629759265,1013.2500118803302,30.545196792476467
30.0,1200.0,65,4.687216658103186,20.000938311238084,1013.2500061904794,30.472393461948926
30.0,1200.0,65,4.78539444560216,20.00066680780084,1013.2500031823065,30.408269655306547
30.0,1200.0,65,4.883646178829912,20.00047072673909,1013.2500016139008,30.351950000520468
30.0,1200.0,65,4.98196748283246,20.00033010185492,1013.2500008074659,30.302624102684423
30.0,1200.0,65,5.080354318352215,20.000229950589734,1013.2500003985471,30.259545077767743
30.0,1200.0,65,1.0,24.04656761927286,1057.8072108748443,50.93565084392348
30.0,1200.0,65,1.004987562112089,24.02317400647309,1057.3713744666381,50.87180609459139
30.0,1200.0,65,1.019803902718557,23.954159460225686,1056.0944622545944,50.68267031896612
30.0,1200.0,65,1.044030650891055,23.842864457203497,1054.0635839185845,50.375117748203465
30.0,1200.0,65,1.077032961426901,23.694375231247776,1051.409689070042,49.95963274858137
30.0,1200.0,65,1.118033988749895,23.51494176046283,1048.2903376265447,49.44914265989782
30.0,1200.0,65,1.1661903789690602,23.311374592689702,1044.8718727543528,48.85782283062244
30.0,1200.0,65,1.2206555615733703,23.090521282721156,1041.314090433277,48.20007802864531
30.0,1200.0,65,1.2806248474865698,22.858872333447326,1037.7590321648204,47.48979569979285
30.0,1200.0,65,1.3453624047073711,22.62230258979467,1034.3242047021156,46.73987444332891
30.0,1200.0,65,1.4142135623730951,22.385928293164355,1031.0996965738964,45.96197890875896
30.0,1200.0,65,1.4866068747318506,22.15405104607953,1028.1483044283436,45.16645622766551
30.0,1200.0,65,1.562049935181331,21.930161282497362,1025.5077408837767,44.362354656089266
30.0,1200.0,65,1.6401219466856727,21.716979453720626,1023.1941089249958,43.557499172226265
30.0,1200.0,65,1.7204650534085255,21.516519318306166,1021.2059916266483,42.75859341627444
30.0,1200.0,65,1.8027756377319946,21.33016284728008,1019.5286688523836,41.97132920257229
30.0,1200.0,65,1.886796226411321,21.158739953045345,1018.1381158038517,41.200493200938936
30.0,1200.0,65,1.9723082923316022,21.0026087059182,1017.0045581093343,40.4500657687944
30.0,1200.0,65,2.0591260281974,20.861733254077986,1016.0954557884389,39.72331011930243
30.0,1200.0,65,2.147091055358389,20.735757624215633,1015.3778659317263,39.02285176443324
30.0,1200.0,65,2.23606797749979,20.624074185687057,1014.8201929873013,38.35074902607524
30.0,1200.0,65,2.3259406699226015,20.525885965702983,1014.3933776346123,37.708555737669656
30.0,1200.0,65,2.4166091947189146,20.44026230048653,1014.0716019932842,37.097377301744814
30.0,1200.0,65,2.507987240796891,20.366187548417685,1013.8326023975668,36.51792116948755
30.0,1200.0,65,2.6,20.302602800204717,1013.6576836047024,35.97054265050045
30.0,1200.0,65,2.692582403567252,20.24844070681056,1013.5315227870448,35.45528678992597
30.0,1200.0,65,2.785677655436824,20.202653708941515,1013.4418406865198,34.97192688954693
30.0,1200.0,65,2.879236009777594,20.1642360898077,1013.3790033690857,34.520000109796875
30.0,1200.0,65,2.973213749463701,20.13224038251235,1013.3356031870488,34.09884047420469
30.0,1200.0,65,3.0675723300355937,20.105788742724844,1013.3060534133049,33.70760950628558
30.0,1200.0,65,3.1622776601683795,20.084079945772494,1013.2862185992351,33.34532465909703
30.0,1200.0,65,3.2572994949804666,20.066392686223885,1013.2730925856488,33.01088564669608
30.0,1200.0,65,3.3526109228480423,20.052085850246634,1013.2645284223598,32.703098751500185
30.0,1200.0,65,3.448187929913334,20.04059640048763,1013.2590190929798,32.4206991591433
30.0,1200.0,65,3.5440090293338704,20.03143546465636,1013.2555245800792,32.16237136017449
30.0,1200.0,65,3.640054944640259,20.024183157400593,1013.2533390366493,31.926767653529026
30.0,1200.0,65,3.736308338453881,20.01848259536944,1013.2519912333863,31.71252478809478
30.0,1200.0,65,3.83275357934736,20.014033492087446,1013.2511716445312,31.518278784185636
30.0,1200.0,65,3.9293765408777004,20.010585646324866,1013.2506801991422,31.342677984887022
30.0,1200.0,65,4.026164427839479,20.00793256820695,1013.2503896159424,31.18439439687526
30.0,1200.0,65,4.123105625617661,20.005905423722492,1013.2502201870979,31.04213339047777
30.0,1200.0,65,4.220189569201839,20.004367422149866,1013.2501227709937,30.914641838679884
30.0,1200.0,65,4.317406628984581,20.00320872308006,1013.2500675371688,30.800714783917496
30.0,1200.0,65,4.414748010928823,20.002341900429524,1013.2500366545339,30.69920072939891
30.0,1200.0,65,4.512205669071391,20.001697969853872,1013.2500196266013,30.609005658083856
30.0,1200.0,65,4.6097722286464435,20.001222962682167,1013.2500103678808,30.529095887138176
30.0,1200.0,65,4.707440918375928,20.000875013029663,1013.2500054032806,30.458499868602942
30.0,1200.0,65,4.805205510693586,20.000621914115836,1013.2500027780686,30.39630904816997
30.0,1200.0,65,4.903060268852506,20.00043909396953,1013.2500014091,30.34167789341387
30.0,1200.0,65,5.000999900019996,20.00030795862527,1013.2500007050984,30.29382320071418
30.0,1200.0,65,5.0990195135927845,20.000214551662157,1013.2500003480667,30.252022786571658
30.0,1200.0,65,1.1,23.593173383295706,1049.6383586277063,49.67289135124064
30.0,1200.0,65,1.104536101718726,23.573393471486654,1049.2957619506383,49.61649478165369
30.0,1200.0,65,1.118033988749895,23.51494176046283,1048.2903376265447,49.44914265989782
30.0,1200.0,65,1.140175425099138,23.420379772163514,1046.686150228012,49.17614298309116
30.0,1200.0,65,1.1704699910719625,23.293660194113038,1044.5806229472132,48.80571218114444
30.0,1200.0,65,1.2083045973594573,23.1397298081139,1042.092844913732,48.34818977970622
30.0,1200.0,65,1.252996408614167,22.96409670496745,1039.3509274864555,47.815190873792744
30.0,1200.0,65,1.3038404810405297,22.772429245145197,1036.4804974971848,47.21883152303441
30.0,1200.0,65,1.3601470508735445,22.570228608477613,1033.5956630190867,46.57110750729787
30.0,1200.0,65,1.4212670403551897,22.36259033288557,1030.7929773364017,45.88345168072569
30.0,1200.0,65,1.4866068747318506,22.15405104607953,1028.1483044283436,45.16645622766551
30.0,1200.0,65,1.5556349186104046,21.948506486088696,1025.7161255829292,44.429726867644376
30.0,1200.0,65,1.6278820596099708,21.74918393486302,1023.530681694187,43.6818318996783
30.0,1200.0,65,1.7029386365926402,21.558653368550278,1021.6083432721892,42.93031330936721
30.0,1200.0,65,1.7804493814764857,21.378864513454012,1019.9506727380863,42.181734683736735
30.0,1200.0,65,1.8601075237738274,21.211200111297853,1018.5477461768897,41.44174824919679
30.0,1200.0,65,1.94164878389476,21.05653836819848,1017.3814092449996,40.715169586884905
30.0,1200.0,65,2.024845673131659,20.915319607223843,1016.4282420492021,40.006053167065645
30.0,1200.0,65,2.1095023109728985,20.787613618223094,1015.6620950526585,39.317764958547855
30.0,1200.0,65,2.195449840010015,20.673185232807523,1015.0561302301297,38.653050348578915
30.0,1200.0,65,2.2825424421026654,20.571556380367557,1014.584358197712,38.01409678775144
30.0,1200.0,65,2.3706539182259396,20.482063408766056,1014.2227032533559,37.40259122344674
30.0,1200.0,65,2.459674775249769,20.403908854461594,1013.9496553090632,36.819772701310434
30.0,1200.0,65,2.5495097567963927,20.336207167463645,1013.746582332469,36.266480631755904
30.0,1200.0,65,2.6400757564888173,20.278024162870327,1013.597781372085,35.74319922509783
30.0,1200.0,65,2.7313000567495327,20.22841019585335,1013.4903429932943,35.25009854939296
30.0,1200.0,65,2.823118842698621,20.18642724620549,1013.4138954853925,34.78707259231999
30.0,1200.0,65,2.9154759474226504,20.15117025346805,1013.3602837880176,34.35377463133317
30.0,1200.0,65,3.008321791298265,20.121783164372655,1013.3232256319562,33.94965014497479
30.0,1200.0,65,3.101612483854165,20.097470241165897,1013.2979753392202,33.57396743740935
30.0,1200.0,65,3.1953090617340916,20.07750323353544,1013.2810150481843,33.225846099593504
30.0,1200.0,65,3.2893768406797057,20.061225040675357,1013.2697843521639,32.90428339389853
30.0,1200.0,65,3.3837848631377265,20.04805048696247,1013.2624526356807,32.60817862339912
30.0,1200.0,65,3.4785054261852175,20.03746480905292,1013.2577336701637,32.336355530937205
30.0,1200.0,65,3.5735136770411278,20.029020408746316,1013.2547390314229,32.087582764822464
30.0,1200.0,65,3.6687872655688283,20.022332369657544,1013.2528652839844,31.860592446020508
30.0,1200.0,65,3.7643060449437424,20.017073171372573,1013.2517092847409,31.654096874395897
30.0,1200.0,65,3.8600518131237567,20.01296696670839,1013.2510060610584,31.466803417664924
30.0,1200.0,65,3.956008088970497,20.009783719698536,1013.2505842409624,31.29742763499177
30.0,1200.0,65,4.052159917870962,20.007333437011464,1013.2503347434098,31.14470469662818
30.0,1200.0,65,4.148493702538308,20.00546066593985,1013.2501892252798,31.00739917081959
30.0,1200.0,65,4.244997055358225,20.004039379392918,1013.250105532977,30.88431325871132
30.0,1200.0,65,4.341658669218482,20.00296832331783,1013.2500580676276,30.774293566666604
30.0,1200.0,65,4.43846820423443,20.002166864927034,1013.2500315218655,30.676236512869497
30.0,1200.0,65,4.535416188179427,20.001571350804237,1013.2500168817274,30.5890924710657
30.0,1200.0,65,4.632493928760188,20.00113196184313,1013.2500089195789,30.511868758633728
30.0,1200.0,65,4.729693436154188,20.000810036246484,1013.250004649324,30.443631578809025
30.0,1200.0,65,4.8270073544588685,20.00057582155391,1013.250002390831,30.383507027811994
30.0,1200.0,65,4.924428900898053,20.00040661090348,1013.2500012128786,30.330681276926626
30.0,1200.0,65,5.021951811795889,20.00028521651748,1013.2500006070034,30.284400037358274
30.0,1200.0,65,5.119570294468081,20.000198733856365,1013.2500002996859,30.2439674121219
30.0,1200.0,65,1.2000000000000002,23.173105078629142,1042.6256269166408,48.44812399029384
30.0,1200.0,65,1.2041594578792296,23.15635969988555,1042.3578516576765,48.39803603475302
30.0,1200.0,65,1.216552506059644,23.106811758085627,1041.5709982693677,48.24921305752575
30.0,1200.0,65,1.2369316876852983,23.02645684767145,1040.3124618044496,48.00584194201674
30.0,1200.0,65,1.264911064067352,22.918405451437884,1038.6549336753162,47.6744776282846
30.0,1200.0,65,1.3,22.78660494899244,1036.6883335409473,47.26350013987619
30.0,1200.0,65,1.341640786499874,22.635524772829726,1034.5107961527433,46.782504276543364
30.0,1200.0,65,1.3892443989449808,22.469849874896486,1032.220118247294,46.24171121323601
30.0,1200.0,65,1.4422205101855958,22.294214846296896,1029.9066841533972,45.651463859036475
30.0,1200.0,65,1.5000000000000002,22.112995473337108,1027.6484010481065,45.02183551541222
30.0,1200.0,65,1.562049935181331,21.930161282497362,1025.5077408837767,44.362354656089266
30.0,1200.0,65,1.6278820596099708,21.74918393486302,1023.530681694187,43.6818318996783
30.0,1200.0,65,1.6970562748477143,21.572992070502853,1021.7471742826449,42.988267933294416
30.0,1200.0,65,1.7691806012954134,21.4039621493937,1020.1727031667061,42.28882045327796
30.0,1200.0,65,1.8439088914585777,21.243935608952334,1018.8105260191921,41.58981107441396
30.0,1200.0,65,1.9209372712298547,21.094254201280048,1017.6542318223981,40.89675733860467
30.0,1200.0,65,2.0,20.955807045456297,1016.690331928553,40.2144190800326
30.0,1200.0,65,2.0808652046684815,20.829084424747688,1015.90067582856,39.54685186172907
30.0,1200.0,65,2.1633307652783937,20.714234577298523,1015.2645561483097,38.89746282613876
30.0,1200.0,65,2.247220505424423,20.611120679943994,1014.7604304503021,38.269066165099495
30.0,1200.0,65,2.3323807579381204,20.51937595723945,1014.3672384507613,37.66393666283976
30.0,1200.0,65,2.418677324489565,20.438455416601762,1014.0653315256294,37.08386055905356
30.0,1200.0,65,2.505992817228334,20.367683161662526,1013.8370573024575,36.53018345535591
30.0,1200.0,65,2.5942243542145698,20.306294602702984,1013.6670570033547,36.003855253724794
30.0,1200.0,65,2.683281572999748,20.25347318677468,1013.542338871682,35.50547224675998
30.0,1200.0,65,2.7730849247724096,20.2083815233287,1013.4521896327267,35.03531652977021
30.0,1200.0,65,2.863564212655271,20.17018699058646,1013.3879796978541,34.593392909069394
30.0,1200.0,65,2.9546573405388314,20.13808207693265,1013.3429087438117,34.17946346201759
30.0,1200.0,65,3.0463092423455636,20.111299842352135,1013.3117280846778,33.79307987623867
30.0,1200.0,65,3.1384709652950433,20.089124979247128,1013.2904662025123,33.433613666286874
30.0,1200.0,65,3.2310988842807027,20.070901012238156,1013.276174794586,33.10028434029219
30.0,1200.0,65,3.3241540277189325,20.05603420592495,1013.2667052261421,32.79218556889974
30.0,1200.0,65,3.417601498127013,20.04399475198309,1013.2605195270656,32.50830939478842
30.0,1200.0,65,3.511409973215888,20.03431578691294,1013.2565359840294,32.24756851300869
30.0,1200.0,65,3.6055512754639896,20.026590754081333,1013.2540067522908,32.00881664964412
30.0,1200.0,65,3.7,20.02046957328585,1013.2524234628755,31.79086706797013
30.0,1200.0,65,3.7947331922020555,20.015654022580026,1013.2514462324185,31.592509236372546
30.0,1200.0,65,3.889730067755345,20.01189267472804,1013.2508515164623,31.412523699829084
30.0,1200.0,65,3.984971769034255,20.00897566800605,1013.2504946483788,31.24969520585075
30.0,1200.0,65,4.080441152620633,20.006729531028288,1013.2502834941246,31.102824145628542
30.0,1200.0,65,4.17612260356422,20.005012226015477,1013.250160299009,30.9707363810533
30.0,1200.0,65,4.272001872658766,20.00370852590032,1013.2500894236381,30.852291537711032
30.0,1200.0,65,4.368065933568311,20.002725798697103,1013.2500492157425,30.746389852459938
30.0,1200.0,65,4.464302857109943,20.0019902379203,1013.2500267227731,30.651977671438736
30.0,1200.0,65,4.560701700396552,20.00144355034806,1013.2500143146406,30.568051700111468
30.0,1200.0,65,4.657252408878008,20.001040091591175,1013.2500075647846,30.493662111088025
30.0,1200.0,65,4.753945729601885,20.00074442502466,1013.2500039438987,30.42791461791865
30.0,1200.0,65,4.850773134253962,20.00052926981953,1013.2500020284485,30.36997162386155
30.0,1200.0,65,4.947726750741193,20.000373798184018,1013.250001029218,30.31905255383779
30.0,1200.0,65,5.044799302251776,20.000262239610205,1013.2500005151718,30.27443347553613
30.0,1200.0,65,5.141984052872976,20.000182750111748,1013.2500002543867,30.235446112064352
30.0,1200.0,65,1.3,22.78660494899244,1036.6883335409473,47.26350013987619
30.0,1200.0,65,1.3038404810405297,22.772429245145197,1036.4804974971848,47.21883152303441
30.0,1200.0,65,1.3152946437965907,22.730442607790764,1035.8691620784873,47.08597731783494
30.0,1200.0,65,1.3341664064126335,22.662218559585103,1034.8894686231217,46.86829934040358
30.0,1200.0,65,1.3601470508735443,22.570228608477613,1033.5956630190867,46.57110750729787
30.0,1200.0,65,1.392838827718412,22.457643192766177,1032.0554603299754,46.20127502027159
30.0,1200.0,65,1.4317821063276355,22.328099452093248,1030.3435936649053,45.766791734161444
30.0,1200.0,65,1.47648230602334,22.185466341021925,1028.5354965132312,45.276315124534634
30.0,1200.0,65,1.5264337522473748,22.03363125876028,1026.701868950524,44.738764660510206
30.0,1200.0,65,1.5811388300841898,21.876323299948844,1024.904585417706,44.162986667455016
30.0,1200.0,65,1.6401219466856727,21.716979453720626,1023.1941089249958,43.557499172226265
30.0,1200.0,65,1.7029386365926402,21.558653368550278,1021.6083432721892,42.93031330936721
30.0,1200.0,65,1.7691806012954134,21.4039621493937,1020.1727031667061,42.28882045327796
30.0,1200.0,65,1.8384776310850237,21.25506471437469,1018.9011072938231,41.639731421512124
30.0,1200.0,65,1.91049731745428,21.11366483659145,1017.7975841333581,40.98905432839865
30.0,1200.0,65,1.9849433241279208,20.981032476081964,1016.8582048222394,40.34209951123236
30.0,1200.0,65,2.0615528128088303,20.858037879700262,1016.0731044835159,39.70350235800818
30.0,1200.0,65,2.14009345590327,20.745193892399747,1015.4284102322428,39.07725721558224
30.0,1200.0,65,2.220360331117452,20.642702829160385,1014.9079515533576,38.466757556556416
30.0,1200.0,65,2.302172886644268,20.550505043865435,1014.4946811411218,37.874839145377614
30.0,1200.0,65,2.3853720883753127,20.468326992019428,1014.1717782261669,37.30382409243214
30.0,1200.0,65,2.4698178070456938,20.395727132451896,1013.9234403398008,36.755564488740774
30.0,1200.0,65,2.5553864678361276,20.332138468904738,1013.7353931742945,36.23148485268461
30.0,1200.0,65,2.6419689627245817,20.276906913543687,1013.5951624685243,35.732622966203046
30.0,1200.0,65,2.7294688127912363,20.229324974378386,1013.4921581032792,35.25966888977078
30.0,1200.0,65,2.817800560721074,20.188660536303303,1013.417620600013,34.813002067714805
30.0,1200.0,65,2.906888370749727,20.15418072662836,1013.3644758393557,34.39272650031142
30.0,1200.0,65,2.9966648127543394,20.125171034171892,1013.327136792094,33.998703989074365
30.0,1200.0,65,3.0870698080866266,20.1009499889577,1013.3012828658359,33.63058547185232
30.0,1200.0,65,3.178049716414141,20.08087980992247,1013.2836392572026,33.287840464653605
30.0,1200.0,65,3.269556544854363,20.064373493818177,1013.2717712468979,32.969784623663294
30.0,1200.0,65,3.361547262794322,20.050898853294047,1013.2639021373355,32.67560543733645
30.0,1200.0,65,3.453983207834109,20.0399800201456,1013.2587586893311,32.40438605667618
30.0,1200.0,65,3.54682957019364,20.03119691553236,1013.2554444414711,32.1551272726721
30.0,1200.0,65,3.6400549446402595,20.024183157400593,1013.2533390366493,31.926767653529026
30.0,1200.0,65,3.7336309405188937,20.01862283116921,1013.2520204092287,31.718201860490943
30.0,1200.0,65,3.8275318418009276,20.01424649743852,1013.2512061580915,31.528297169266576
30.0,1200.0,65,3.9217343102255158,20.010826754095138,1013.2507104149892,31.355908233698116
30.0,1200.0,65,4.016217125604641,20.00817361314657,1013.2504128184776,31.19989013876691
30.0,1200.0,65,4.110960958218893,20.006129897689725,1013.2502366689783,31.05910980071651
30.0,1200.0,65,4.205948168962618,20.004566813668934,1013.250133861217,30.932455782472502
30.0,1200.0,65,4.301162633521314,20.00337980591499,1013.2500746956736,30.818846602207906
30.0,1200.0,65,4.396589587396122,20.00248476917812,1013.2500411205966,30.717237621487733
30.0,1200.0,65,4.49221548904324,20.001814652760007,1013.2500223327764,30.626626606661336
30.0,1200.0,65,4.588027898781785,20.00131647178432,1013.2500119657934,30.546058062874334
30.0,1200.0,65,4.684015371452148,20.000948718683915,1013.2500063248749,30.474626444142498
30.0,1200.0,65,4.780167361086849,20.000679154477588,1013.2500032981491,30.411478345335624
30.0,1200.0,65,4.876474136094644,20.000482950092625,1013.2500016966524,30.355813782690984
30.0,1200.0,65,4.9729267036625435,20.000341142546578,1013.2500008610257,30.30688666869302
30.0,1200.0,65,5.069516742254631,20.000239368432656,1013.2500004310588,30.26400458494156
30.0,1200.0,65,5.166236541235796,20.000166837112538,1013.2500002128878,30.226527953136305
30.0,1200.0,65,1.4000000000000001,22.43345009148763,1031.730808763124,46.120881654666995
30.0,1200.0,65,1.4035668847618201,22.42146247263822,1031.5707814908308,46.08092216856318
30.0,1200.0,65,1.4142135623730951,22.385928293164355,1031.0996965738964,45.96197890875896
30.0,1200.0,65,1.4317821063276355,22.328099452093248,1030.3435936649053,45.766791734161444
30.0,1200.0,65,1.4560219778561039,22.249954041536462,1029.3428685199065,45.49971851401325
30.0,1200.0,65,1.4866068747318506,22.15405104607953,1028.1483044283436,45.16645622766551
30.0,1200.0,65,1.5231546211727818,22.043356844446695,1026.8164439810073,44.77370884010961
30.0,1200.0,65,1.565247584249853,21.921064408679424,1025.4049461725242,44.32884201734716
30.0,1200.0,65,1.61245154965971,21.790423037644544,1023.9684716948868,43.8395581107899
30.0,1200.0,65,1.6643316977093239,21.654591196508978,1022.5554630657152,43.31361404661918
30.0,1200.0,65,1.7204650534085255,21.516519318306166,1021.2059916266483,42.75859341627444
30.0,1200.0,65,1.7804493814764857,21.378864513454012,1019.9506727380863,42.181734683736735
30.0,1200.0,65,1.8439088914585777,21.243935608952334,1018.8105260191921,41.58981107441396
30.0,1200.0,65,1.91049731745428,21.11366483659145,1017.7975841333581,40.98905432839865
30.0,1200.0,65,1.9798989873223334,20.98960154019406,1016.916025242799,40.38511342127211
30.0,1200.0,65,2.0518284528683193,20.872923114445566,1016.1636098069081,39.78303975651659
30.0,1200.0,65,2.12602916254693,20.764458696381844,1015.5332301398945,39.18729150215958
30.0,1200.0,65,2.202271554554524,20.66472166515537,1015.0144208133156,38.601751174681624
30.0,1200.0,65,2.280350850198276,20.573947614184032,1014.5947215826359,38.029751962039136
30.0,1200.0,65,2.360084744241189,20.492135058531797,1014.2608263248898,37.47410947600645
30.0,1200.0,65,2.4413111231467406,20.419086690761407,1013.9994878239783,36.93715658329583
30.0,1200.0,65,2.5238858928247927,20.354449487616733,1013.7981771460578,36.42077969244781
30.0,1200.0,65,2.6076809620810595,20.297752397279364,1013.6455171571776,35.92645540242219
30.0,1200.0,65,2.6925824035672523,20.24844070681056,1013.5315227870448,35.455286789925964
30.0,1200.0,65,2.7784887978899615,20.205906506704526,1013.4476869451169,35.00803886472747
30.0,1200.0,65,2.8653097563788807,20.16951493846147,1013.3869519361891,34.58517288859171
30.0,1200.0,65,2.95296461204668,20.13862613498838,1013.3436033208391,34.186879360185024
30.0,1200.0,65,3.04138126514911,20.11261294506521,1013.3131178754624,33.81310953503632
30.0,1200.0,65,3.130495168499706,20.090874674524393,1013.2919908816558,33.463605390679206
30.0,1200.0,65,3.220248437620924,20.072847180869342,1013.2775613955329,33.13792797243091
30.0,1200.0,65,3.3105890714493698,20.05800972796709,1013.2678480978844,32.83548407165766
30.0,1200.0,65,3.40147027033899,20.045889046910776,1013.2614032117999,32.55555120023701
30.0,1200.0,65,3.4928498393145966,20.036061062372198,1013.2571879686951,32.29730083497823
30.0,1200.0,65,3.5846896657869847,20.0281507353028,1013.2544702054798,32.059819915554755
30.0,1200.0,65,3.6769552621700474,20.021830447373624,1013.252742768803,31.84213058980092
30.0,1200.0,65,3.769615364994153,20.01681731465922,1013.2516603092834,31.643208211272075
30.0,1200.0,65,3.8626415831655936,20.012869772063954,1013.2509915719386,31.46199760568612
30.0,1200.0,65,3.956008088970497,20.009783719698536,1013.2505842409624,31.29742763499177
30.0,1200.0,65,4.049691346263318,20.0073884711033,1013.2503396168587,31.14842409999022
30.0,1200.0,65,4.1436698710201325,20.005542693507348,1013.2501947658097,31.013921034292473
30.0,1200.0,65,4.237924020083418,20.004130484181744,1013.2501101942988,30.89287045356005
30.0,1200.0,65,4.332435804486895,20.00305768573755,1013.2500615070753,30.784250634130142
30.0,1200.0,65,4.427188724235731,20.002248507719187,1013.2500338693733,30.687073004005175
30.0,1200.0,65,4.522167621838006,20.001642492352154,1013.2500183993276,30.600387736592932
30.0,1200.0,65,4.6173585522460785,20.001191838735636,1013.2500098606612,30.523288143386996
30.0,1200.0,65,4.712748667179271,20.000859081750132,1013.2500052133396,30.454913965912613
30.0,1200.0,65,4.8083261120685235,20.000615108903528,1013.2500027191211,30.394453669724914
30.0,1200.0,65,4.904079934095692,20.000437489578808,1013.2500013990729,30.341145844080643
30.0,1200.0,65,5.000000000000001,20.000309085937648,1013.2500007101468,30.294279810203726
30.0,1200.0,65,5.096076922496364,20.000216912351235,1013.2500003555892,30.253195538955218
30.0,1200.0,65,5.192301994298868,20.000151209995956,1013.2500001756463,30.21728297535479
30.0,1200.0,65,1.5,22.112995473337108,1027.6484010481065,45.02183551541222
30.0,1200.0,65,1.5033296378372907,22.102877121821482,1027.526266154931,44.986006458163544
30.0,1200.0,65,1.5132745950421556,22.07286451617174,1027.1664959405653,44.87928884827831
30.0,1200.0,65,1.5297058540778354,22.02396015972959,1026.5883307310498,44.7039437842724
30.0,1200.0,65,1.5524174696260025,21.957755532199098,1025.8217342226806,44.463587811249226
30.0,1200.0,65,1.5811388300841898,21.876323299948844,1024.904585417706,44.162986667455016
30.0,1200.0,65,1.6155494421403513,21.782086221487535,1023.8793565868722,43.80780449606625
30.0,1200.0,65,1.6552945357246849,21.677677266249702,1022.7897179525961,43.40433593874087
30.0,1200.0,65,1.7,21.56580407089635,1021.6774577049603,42.95924543128272
30.0,1200.0,65,1.7492855684535902,21.44912780746719,1020.5799992148417,42.47933182185412
30.0,1200.0,65,1.8027756377319946,21.33016284728008,1019.5286688523836,41.97132920257229
30.0,1200.0,65,1.8601075237738274,21.211200111297853,1018.5477461768897,41.44174824919679
30.0,1200.0,65,1.9209372712298547,21.094254201280048,1017.6542318223981,40.89675733860467
30.0,1200.0,65,1.9849433241279208,20.981032476081964,1016.8582048222394,40.34209951123236
30.0,1200.0,65,2.0518284528683193,20.872923114445566,1016.1636098069081,39.78303975651659
30.0,1200.0,65,2.1213203435596424,20.77099871743542,1015.5693099991774,39.22433670490405
30.0,1200.0,65,2.193171219946131,20.67603195439215,1015.0702567537732,38.670233167957534
30.0,1200.0,65,2.2671568097509267,20.58851997587279,1014.6586530353668,38.12446071271911
30.0,1200.0,65,2.3430749027719964,20.508714679271666,1014.3250202060613,37.59025433060894
30.0,1200.0,65,2.420743687382041,20.436656334076165,1014.0591097720604,37.070374108402724
30.0,1200.0,65,2.5,20.372208503797726,1013.8506308236663,36.56713154982096
30.0,1200.0,65,2.5806975801127883,20.315092613036725,1013.6897877065039,36.082418802597
30.0,1200.0,65,2.6627053911388696,20.264920887228605,1013.5676400826168,35.61773951895533
30.0,1200.0,65,2.7459060435491964,20.221226733333314,1013.4763089932667,35.17424043335652
30.0,1200.0,65,2.8301943396169813,20.183491929835743,1013.4090584790029,34.7527430015943
30.0,1200.0,65,2.9154759474226504,20.15117025346805,1013.3602837880176,34.35377463133317
30.0,1200.0,65,3.001666203960727,20.12370738847145,1013.3254354101628,33.97759916490491
30.0,1200.0,65,3.0886890422961004,20.100557143005847,1013.3009042906684,33.624246366170134
30.0,1200.0,65,3.1764760348537187,20.081194138100187,1013.2838886402931,33.29354022658587
30.0,1200.0,65,3.264965543462902,20.065123239568535,1013.272257588388,32.98512595033793
30.0,1200.0,65,3.3541019662496847,20.051886075523157,1013.2644221040606,32.698495511023964
30.0,1200.0,65,3.443835071544513,20.041065025038588,1013.2592194923063,32.433011697455235
30.0,1200.0,65,3.534119409414459,20.03228508119622,1013.2558145176448,32.18793058673442
30.0,1200.0,65,3.624913792078372,20.025213988514288,1013.2536178321017,31.962422400807814
30.0,1200.0,65,3.7161808352124095,20.019561035093904,1013.2522208042658,31.755590719340237
30.0,1200.0,65,3.8078865529319543,20.015074848034526,1013.251344924679,31.566490037625833
30.0,1200.0,65,3.9,20.011540500847815,1013.2508035440649,31.39414167356595
30.0,1200.0,65,3.992492955535426,20.00877619734364,1013.2504736345977,31.237548042520288
30.0,1200.0,65,4.0853396431631,20.00662975084999,1013.2502754208439,31.09570533293574
30.0,1200.0,65,4.178516483155236,20.004975033135835,1013.2501580037282,30.967614628877854
30.0,1200.0,65,4.272001872658765,20.00370852590032,1013.2500894236381,30.852291537711032
30.0,1200.0,65,4.365775990588616,20.00274607045975,1013.2500499285576,30.748774391987393
30.0,1200.0,65,4.459820624195552,20.002019879069124,1013.2500275013821,30.656131103935568
30.0,1200.0,65,4.55411901469428,20.001475844472974,1013.2500149439676,30.57346475865957
30.0,1200.0,65,4.648655719667784,20.001071162747262,1013.2500080108806,30.49991803818573
30.0,1200.0,65,4.743416490252569,20.000772267955053,1013.2500042363768,30.43467657280433
30.0,1200.0,65,4.838388161361178,20.000553065093644,1013.2500022100695,30.376971318764316
30.0,1200.0,65,4.933558553417604,20.000393439649557,1013.2500011373951,30.326080062359107
30.0,1200.0,65,5.028916384272064,20.00027801714486,1013.2500005774415,30.28132814989356
30.0,1200.0,65,5.1244511901275835,20.00019514370222,1013.2500002891964,30.242088541080125
30.0,1200.0,65,5.220153254455275,20.000136058266776,1013.2500001428773,30.20778128023448
30.0,1200.0,65,1.6,21.82422439451736,1024.332947444391,43.9676318791883
30.0,1200.0,65,1.6031219541881399,21.815705322659426,1024.2406105494242,43.93545335626004
30.0,1200.0,65,1.61245154965971,21.790423037644544,1023.9684716948868,43.8395581107899
30.0,1200.0,65,1.6278820596099708,21.74918393486302,1023.530681694187,43.6818318996783
30.0,1200.0,65,1.6492422502470645,21.693272972120628,1022.9493460014468,43.46530461659352
30.0,1200.0,65,1.6763054614240211,21.624372633125326,1022.2525341587061,43.19399497505945
30.0,1200.0,65,1.7088007490635064,21.544462913720597,1021.471898461586,42.872718395380744
30.0,1200.0,65,1.7464249196572983,21.45571256637068,1020.6402041985391,42.50687715020329
30.0,1200.0,65,1.788854381999832,21.360371281141436,1019.7890477054219,42.102250515290606
30.0,1200.0,65,1.8357559750685821,21.26067072102593,1018.9469733302572,41.66479913148243
30.0,1200.0,65,1.886796226411321,21.158739953045345,1018.1381158038517,41.200493200938936
30.0,1200.0,65,1.94164878389476,21.05653836819848,1017.3814092449996,40.715169586884905
30.0,1200.0,65,2.0,20.955807045456297,1016.690331928553,40.2144190800326
30.0,1200.0,65,2.0615528128088303,20.858037879700262,1016.0731044835159,39.70350235800818
30.0,1200.0,65,2.12602916254693,20.764458696381844,1015.5332301398945,39.18729150215958
30.0,1200.0,65,2.193171219946131,20.67603195439215,1015.0702567537732,38.670233167957534
30.0,1200.0,65,2.2627416997969525,20.593464387919198,1014.6806471419948,38.15632937958669
30.0,1200.0,65,2.3345235059857505,20.517224948117114,1014.3586615452512,37.64913219357673
30.0,1200.0,65,2.4083189157584592,20.44756858217881,1014.097178866716,37.151748955563434
30.0,1200.0,65,2.483948469674844,20.38456365943133,1013.888407584247,36.66685542182705
30.0,1200.0,65,2.5612496949731396,20.328121171425778,1013.7244598561531,36.196714548812594
30.0,1200.0,65,2.6400757564888173,20.278024162870327,1013.597781372085,35.74319922509783
30.0,1200.0,65,2.720294101747089,20.2339561720594,1013.5014439592674,35.30781761407158
30.0,1200.0,65,2.8017851452243803,20.195527760647373,1013.429317651296,34.89174009116972
30.0,1200.0,65,2.8844410203711917,20.162300485746133,1013.3761442506125,34.495827004791124
30.0,1200.0,65,2.968164415931166,20.133807908119724,1013.3375361162608,34.12065667645103
30.0,1200.0,65,3.0528675044947495,20.109573436517714,1013.3099229035201,33.76655319534519
30.0,1200.0,65,3.1384709652950433,20.089124979247128,1013.2904662025123,33.433613666286874
30.0,1200.0,65,3.22490309931942,20.072006510449047,1013.27695830275,33.12173464722303
30.0,1200.0,65,3.3120990323358392,20.057786761769943,1013.2677173214221,32.83063757066345
30.0,1200.0,65,3.4,20.04606532263392,1013.2614871587734,32.55989298806181
30.0,1200.0,65,3.488552708502482,20.036476477289487,1013.2573474854555,32.30894351167705
30.0,1200.0,65,3.577708763999664,20.028691127920766,1013.2546363687338,32.07712535771719
30.0,1200.0,65,3.66742416417845,20.022417154400618,1013.2528862311124,31.863688419677924
30.0,1200.0,65,3.7576588456111875,20.017398546858846,1013.2517725490338,31.667814823074966
30.0,1200.0,65,3.8483762809787714,20.01341362118478,1013.2510739374634,31.488635933049444
30.0,1200.0,65,3.939543120718442,20.010272593655678,1013.2506419074408,31.325247805046207
30.0,1200.0,65,4.031128874149275,20.007814752448844,1013.2503785098899,31.176725086122758
30.0,1200.0,65,4.123105625617661,20.005905423722492,1013.2502201870979,31.04213339047777
30.0,1200.0,65,4.215447781671599,20.00443289055413,1013.2501263614132,30.920540187436405
30.0,1200.0,65,4.308131845707604,20.00330538606039,1013.2500715390235,30.81102425329476
30.0,1200.0,65,4.401136216933078,20.002448248709275,1013.2500399553794,30.712683749998206
30.0,1200.0,65,4.494441010848846,20.001801298913122,1013.2500220145037,30.62464300351244
30.0,1200.0,65,4.588027898781784,20.00131647178432,1013.2500119657934,30.546058062874337
30.0,1200.0,65,4.68187996428785,20.000955721439595,1013.2500064160919,30.47612112725218
30.0,1200.0,65,4.775981574503821,20.00068919719584,1013.2500033938574,30.414063932909862
30.0,1200.0,65,4.870318264754369,20.000493680980263,1013.2500017709567,30.359160194806424
30.0,1200.0,65,4.964876634922565,20.00035126774618,1013.2500009116143,30.31072719875511
30.0,1200.0,65,5.059644256269408,20.000248266063387,1013.2500004629142,30.268126639731282
30.0,1200.0,65,5.15460958754395,20.00017429375948,1013.2500002318855,30.230764800198475
30.0,1200.0,65,5.249761899362675,20.0001215429812,1013.250000114585,30.19809215937796
30.0,1200.0,65,1.7000000000000002,21.56580407089635,1021.6774577049603,42.95924543128272
30.0,1200.0,65,1.7029386365926402,21.558653368550278,1021.6083432721892,42.93031330936721
30.0,1200.0,65,1.711724276862369,21.53742269514139,1021.4045570388723,42.84405470719511
30.0,1200.0,65,1.726267650163207,21.50276253993451,1021.0764439499693,42.702056352408995
30.0,1200.0,65,1.7464249196572983,21.45571256637068,1020.6402041985391,42.50687715020329
30.0,1200.0,65,1.7720045146669352,21.397640026048492,1020.1164830440476,42.2619293088827
30.0,1200.0,65,1.8027756377319948,21.33016284728008,1019.5286688523836,41.97132920257229
30.0,1200.0,65,1.8384776310850237,21.25506471437469,1018.9011072938231,41.639731421512124
30.0,1200.0,65,1.8788294228055937,21.17420930787411,1018.2574269481563,41.2721590425306
30.0,1200.0,65,1.9235384061671346,21.089459867153234,1017.6191315132094,40.87384115329969
30.0,1200.0,65,1.9723082923316022,21.0026087059182,1017.0045581093343,40.4500657687944
30.0,1200.0,65,2.024845673131659,20.915319607223843,1016.4282420492021,40.006053167065645
30.0,1200.0,65,2.0808652046684815,20.829084424747688,1015.90067582856,39.54685186172907
30.0,1200.0,65,2.14009345590327,20.745193892399747,1015.4284102322428,39.07725721558224
30.0,1200.0,65,2.202271554554524,20.66472166515537,1015.0144208133156,38.601751174681624
30.0,1200.0,65,2.2671568097509267,20.58851997587279,1014.6586530353668,38.12446071271911
30.0,1200.0,65,2.3345235059857505,20.517224948117114,1014.3586615452512,37.64913219357673
30.0,1200.0,65,2.4041630560342617,20.451269488886762,1014.1102699001884,37.17911883616918
30.0,1200.0,65,2.4758836806279896,20.390901733026702,1013.9081930062473,36.717378663706555
30.0,1200.0,65,2.5495097567963927,20.336207167463645,1013.746582332469,36.266480631755904
30.0,1200.0,65,2.6248809496813377,20.28713278459002,1013.6194711380679,35.82861698039953
30.0,1200.0,65,2.701851217221259,20.243511867917437,1013.5211117786754,35.405620198022085
30.0,1200.0,65,2.780287754891569,20.205088276648695,1013.4462086971079,34.99898329210005
30.0,1200.0,65,2.8600699292150185,20.171539353312266,1013.3900586610087,34.60988232507155
30.0,1200.0,65,2.941088233970549,20.142496819441156,1013.3486143818888,34.23920038954248
30.0,1200.0,65,3.023243291566195,20.117565241524463,1013.3184893570128,33.887552370539254
30.0,1200.0,65,3.106444913401814,20.096337838874092,1013.2969213002501,33.555309979412534
30.0,1200.0,65,3.190611226708764,20.078409564438896,1013.281709587021,33.242626651107244
30.0,1200.0,65,3.2756678708318403,20.06338751839485,1013.2711393874204,32.94946198024171
30.0,1200.0,65,3.3615472627943226,20.050898853294047,1013.2639021373355,32.67560543733644
30.0,1200.0,65,3.448187929913334,20.04059640048763,1013.2590190929798,32.4206991591433
30.0,1200.0,65,3.5355339059327378,20.032162293101273,1013.2557721798855,32.1842596499047
30.0,1200.0,65,3.6235341863986883,20.02530988428742,1013.253644308639,31.965698266193122
30.0,1200.0,65,3.7121422386541174,20.019784264421308,1013.2522698151739,31.76434038867972
30.0,1200.0,65,3.801315561749643,20.015361671102923,1013.2513946554247,31.579443211103662
30.0,1200.0,65,3.891015291668744,20.011848064967467,1013.2508453661352,31.41021210075194
30.0,1200.0,65,3.981205847478877,20.0090771158536,1013.2505055035111,31.255815506468636
30.0,1200.0,65,4.071854614300467,20.00690781092828,1013.2502981977633,31.115398409906756
30.0,1200.0,65,4.16293165929973,20.005221861563058,1013.2501735339971,30.988094333568014
30.0,1200.0,65,4.254409477236529,20.003921051242635,1013.2500996239023,30.873035935196125
30.0,1200.0,65,4.346262762420146,20.002924634196653,1013.2500564208829,30.769364232291448
30.0,1200.0,65,4.43846820423443,20.002166864927034,1013.2500315218655,30.676236512869497
30.0,1200.0,65,4.531004303683677,20.001594713063806,1013.2500173731208,30.592832999064115
30.0,1200.0,65,4.623851208678757,20.001165796353302,1013.2500094457343,30.5183623387651
30.0,1200.0,65,4.7169905660283025,20.000846547090823,1013.2500050662139,30.45206600719169
30.0,1200.0,65,4.810405388322278,20.000610613751,1013.2500026805204,30.393221705180352
30.0,1200.0,65,4.904079934095692,20.000437489578808,1013.2500013990729,30.341145844080643
30.0,1200.0,65,4.99799959983992,20.000311353019804,1013.2500007203523,30.29519520860934
30.0,1200.0,65,5.092150822589606,20.000220100582396,1013.2500003658732,30.254767888939067
30.0,1200.0,65,5.186520991955977,20.000154550528105,1013.2500001833139,30.219303571842637
30.0,1200.0,65,5.281098370604358,20.000107795195145,1013.2500000906018,30.188283278044228
30.0,1200.0,65,1.8,21.336144025377163,1019.5798638957357,41.9973598901769
30.0,1200.0,65,1.8027756377319946,21.33016284728008,1019.5286688523836,41.97132920257229
30.0,1200.0,65,1.8110770276274835,21.312397974019827,1019.3776628763763,41.89369230172448
30.0,1200.0,65,1.8248287590894658,21.28337490543314,1019.1343545484608,41.76579429344731
30.0,1200.0,65,1.8439088914585775,21.243935608952334,1018.8105260191921,41.589811074413966
30.0,1200.0,65,1.8681541692269406,21.19519131211265,1018.4212366104284,41.36865701750284
30.0,1200.0,65,1.8973665961010278,21.13846298006658,1017.9836117630172,41.10586777520199
30.0,1200.0,65,1.9313207915827968,21.075214773335283,1017.5155604075613,40.80546784019948
30.0,1200.0,65,1.969771560359221,21.00698582757566,1017.0345580144827,40.471832512995626
30.0,1200.0,65,2.012461179749811,20.93532512689093,1016.5566077895257,40.10955282212697
30.0,1200.0,65,2.0591260281974,20.861733254077986,1016.0954557884389,39.72331011930243
30.0,1200.0,65,2.1095023109728985,20.787613618223094,1015.6620950526585,39.317764958547855
30.0,1200.0,65,2.1633307652783937,20.714234577298523,1015.2645561483097,38.89746282613876
30.0,1200.0,65,2.220360331117452,20.642702829160385,1014.9079515533576,38.466757556556416
30.0,1200.0,65,2.280350850198276,20.573947614184032,1014.5947215826359,38.029751962039136
30.0,1200.0,65,2.3430749027719964,20.508714679271666,1014.3250202060613,37.59025433060894
30.0,1200.0,65,2.4083189157584592,20.44756858217881,1014.097178866716,37.151748955563434
30.0,1200.0,65,2.4758836806279896,20.390901733026702,1013.9081930062473,36.717378663706555
30.0,1200.0,65,2.545584412271571,20.338948535246892,1013.7541869148139,36.28993732076499
30.0,1200.0,65,2.6172504656604803,20.291803060744762,1013.630825345115,35.87187043187395
30.0,1200.0,65,2.6907248094147422,20.249438838627462,1013.5336530940382,35.465282161372016
30.0,1200.0,65,2.7658633371878665,20.21172952486148,1013.4583550487617,35.07194732613515
30.0,1200.0,65,2.8425340807103794,20.17846942957498,1013.4009381792602,34.69332714271011
30.0,1200.0,65,2.920616373302047,20.149393092829957,1013.3578433094968,34.33058771509777
30.0,1200.0,65,3.0000000000000004,20.124193306515522,1013.3259982892579,33.98462043023303
30.0,1200.0,65,3.0805843601498726,20.102537171105645,1013.3028257642651,33.65606358053823
30.0,1200.0,65,3.1622776601683795,20.084079945772494,1013.2862185992351,33.34532465909703
30.0,1200.0,65,3.2449961479175906,20.068476595415433,1013.2744946857543,33.05260287627679
30.0,1200.0,65,3.3286633954186478,20.055391057058777,1013.2663408683289,32.77791153081439
30.0,1200.0,65,3.4132096331752027,20.044503340783702,1013.2607534675192,32.52109993717986
30.0,1200.0,65,3.4985711369071804,20.03551464807706,1013.2569806810865,32.281874667734556
30.0,1200.0,65,3.5846896657869842,20.0281507353028,1013.2544702054798,32.059819915554755
30.0,1200.0,65,3.6715119501371642,20.02216377468355,1013.2528238466745,31.854416823979612
30.0,1200.0,65,3.758989225842501,20.01733297287904,1013.2517597108222,31.665061663629462
30.0,1200.0,65,3.847076812334269,20.01346420129946,1013.2510817575406,31.491082768046535
30.0,1200.0,65,3.9357337308308855,20.010388876008513,1013.2506560065904,31.331756166091708
30.0,1200.0,65,4.024922359499622,20.00796230157591,1013.2503924431647,31.186319873364123
30.0,1200.0,65,4.114608122288197,20.006061665341754,1013.2502315985337,31.05398682656107
30.0,1200.0,65,4.2047592083257275,20.004583838663923,1013.2501348295478,30.933956464080623
30.0,1200.0,65,4.295346318982906,20.00344311179675,1013.2500774326303,30.825424973407944
30.0,1200.0,65,4.386342439892262,20.002568960600815,1013.2500438683949,30.727594240977336
30.0,1200.0,65,4.4777226354476225,20.001903917377174,1013.2500245169911,30.639679553296453
30.0,1200.0,65,4.5694638635183455,20.001401595426294,1013.2500135166473,30.560916109179477
30.0,1200.0,65,4.661544808322666,20.001024897782674,1013.2500073511573,30.49056441199287
30.0,1200.0,65,4.753945729601885,20.00074442502466,1013.2500039438987,30.42791461791865
30.0,1200.0,65,4.846648326421054,20.000537084948547,1013.2500020872641,30.37228992145624
30.0,1200.0,65,4.939635614091388,20.000384897922096,1013.2500010897047,30.323049062809275
30.0,1200.0,65,5.032891812864648,20.000273985499646,1013.2500005612007,30.279588043556686
30.0,1200.0,65,5.126402247190519,20.00019372594922,1013.2500002851042,30.241341137226662
30.0,1200.0,65,5.220153254455275,20.000136058266776,1013.2500001428773,30.20778128023448
30.0,1200.0,65,5.314132102234569,20.000094915610916,1013.2500000706309,30.178419926278764
30.0,1200.0,65,1.9000000000000001,21.13345509219526,1017.9457841491245,41.08237547186108
30.0,1200.0,65,1.9026297590440449,21.128471469992796,1017.9082703113679,41.0589482442983
30.0,1200.0,65,1.91049731745428,21.11366483659145,1017.7975841333581,40.98905432839865
30.0,1200.0,65,1.9235384061671346,21.089459867153234,1017.6191315132094,40.87384115329969
30.0,1200.0,65,1.94164878389476,21.05653836819848,1017.3814092449996,40.715169586884905
30.0,1200.0,65,1.9646882704388502,21.015802851260727,1017.0953040127071,40.515541309718664
30.0,1200.0,65,1.9924858845171276,20.968330243059093,1016.7732355154642,40.27800568982478
30.0,1200.0,65,2.024845673131659,20.915319607223843,1016.4282420492021,40.006053167065645
30.0,1200.0,65,2.0615528128088303,20.858037879700262,1016.0731044835159,39.70350235800818
30.0,1200.0,65,2.1023796041628637,20.797767305399926,1015.7195891434181,39.37438750679324
30.0,1200.0,65,2.147091055358389,20.735757624215633,1015.3778659317263,39.02285176443324
30.0,1200.0,65,2.195449840010015,20.673185232807523,1015.0561302301297,38.653050348578915
30.0,1200.0,65,2.247220505424423,20.611120679943994,1014.7604304503021,38.269066165099495
30.0,1200.0,65,2.302172886644268,20.550505043865435,1014.4946811411218,37.874839145377614
30.0,1200.0,65,2.360084744241189,20.492135058531797,1014.2608263248898,37.47410947600645
30.0,1200.0,65,2.420743687382041,20.436656334076165,1014.0591097720604,37.070374108402724
30.0,1200.0,65,2.483948469674844,20.38456365943133,1013.888407584247,36.66685542182705
30.0,1200.0,65,2.5495097567963927,20.336207167463645,1013.746582332469,36.266480631755904
30.0,1200.0,65,2.6172504656604803,20.291803060744762,1013.630825345115,35.87187043187395
30.0,1200.0,65,2.6870057685088806,20.251447611733575,1013.5379628169995,35.48533537807916
30.0,1200.0,65,2.7586228448267445,20.215133237911004,1013.4647107218965,35.10887862034512
30.0,1200.0,65,2.831960451701259,20.18276558665613,1013.4078719381579,34.74420372699809
30.0,1200.0,65,2.906888370749727,20.15418072662836,1013.3644758393557,34.39272650031142
30.0,1200.0,65,2.98328677803526,20.129161716340484,1013.3318655456279,34.0555898356587
30.0,1200.0,65,3.0610455730027937,20.10745399430903,1013.3077410775102,33.73368081914138
30.0,1200.0,65,3.1400636936215163,20.088779199644318,1013.2901680254256,33.427649385956684
30.0,1200.0,65,3.2202484376209237,20.072847180869342,1013.2775613955329,33.13792797243091
30.0,1200.0,65,3.301514803843836,20.059366080066994,1013.2686534129168,32.86475168922672
30.0,1200.0,65,3.3837848631377265,20.04805048696247,1013.2624526356807,32.60817862339912
30.0,1200.0,65,3.4669871646719437,20.038627742614004,1013.258200079881,32.368109944793815
30.0,1200.0,65,3.5510561809129406,20.030842535614454,1013.2553264184639,32.14430954985267
30.0,1200.0,65,3.635931792539569,20.024459976660022,1013.2534128583369,31.936423025123535
30.0,1200.0,65,3.721558813185679,20.019267362270348,1013.2521571053159,31.743995755287997
30.0,1200.0,65,3.8078865529319548,20.015074848034526,1013.251344924679,31.566490037625833
30.0,1200.0,65,3.8948684188300895,20.011715248911468,1013.2508271813348,31.40330109753662
30.0,1200.0,65,3.9824615503479754,20.009043171748853,1013.250501858834,31.253771928780434
30.0,1200.0,65,4.070626487409524,20.006933666080016,1013.2503003598255,31.117206908010424
30.0,1200.0,65,4.159326868617084,20.005280555924433,1013.2501773300603,30.992884156311323
30.0,1200.0,65,4.2485291572496005,20.003994589923316,1013.2501032769758,30.880066641067508
30.0,1200.0,65,4.338202392696773,20.00300152146211,1013.2500593342287,30.778012029713985
30.0,1200.0,65,4.428317965096905,20.00224020583936,1013.2500336269449,30.685981322872067
30.0,1200.0,65,4.518849411078002,20.001660779019236,1013.2500187996278,30.603246308108194
30.0,1200.0,65,4.6097722286464435,20.001222962682167,1013.2500103678808,30.529095887138176
30.0,1200.0,65,4.701063709417263,20.0008945234882,1013.2500056403835,30.462841338793233
30.0,1200.0,65,4.792702786528704,20.00064990076613,1013.2500030269412,30.403820587543432
30.0,1200.0,65,4.884669896727925,20.000469006122145,1013.2500016024139,30.351401552930426
30.0,1200.0,65,4.976946855251722,20.00033619047472,1013.2500008367956,30.304984659006525
30.0,1200.0,65,5.06951674225463,20.000239368432656,1013.2500004310588,30.26400458494156
30.0,1200.0,65,5.162363799656124,20.000169286363814,1013.2500002190405,30.22793133848987
30.0,1200.0,65,5.2554733373883655,20.000118918568447,1013.2500001097948,30.196270733168777
30.0,1200.0,65,5.348831648126533,20.00008297530564,1013.2500000542883,30.168564347958025
30.0,1200.0,65,2.0,20.955807045456297,1016.690331928553,40.2144190800326
30.0,1200.0,65,2.0024984394500787,20.95167193366231,1016.6631473308032,40.1933352514661
30.0,1200.0,65,2.009975124224178,20.93938298990103,1016.5829165973128,40.13041591657446
30.0,1200.0,65,2.0223748416156684,20.919283207525613,1016.4534974231066,40.02664500432961
30.0,1200.0,65,2.039607805437114,20.891924184920864,1016.280961571309,39.88362164295387
30.0,1200.0,65,2.0615528128088303,20.858037879700262,1016.0731044835159,39.70350235800818
30.0,1200.0,65,2.08806130178211,20.818500482636207,1015.8388430709081,39.48892632724392
30.0,1200.0,65,2.118962010041709,20.77429127405826,1015.58756906316,39.242928859072244
30.0,1200.0,65,2.154065922853802,20.726449476894626,1015.3285245559262,38.96884853468305
30.0,1200.0,65,2.193171219946131,20.67603195439215,1015.0702567537732,38.670233167957534
30.0,1200.0,65,2.23606797749979,20.624074185687057,1014.8201929873013,38.35074902607524
30.0,1200.0,65,2.2825424421026654,20.571556380367557,1014.584358197712,38.01409678775144
30.0,1200.0,65,2.3323807579381204,20.51937595723945,1014.3672384507613,37.66393666283976
30.0,1200.0,65,2.3853720883753127,20.468326992019428,1014.1717782261669,37.30382409243214
30.0,1200.0,65,2.4413111231467406,20.419086690761407,1013.9994878239783,36.93715658329583
30.0,1200.0,65,2.5,20.372208503797726,1013.8506308236663,36.56713154982096
30.0,1200.0,65,2.5612496949731396,20.328121171425778,1013.7244598561531,36.196714548812594
30.0,1200.0,65,2.6248809496813377,20.28713278459002,1013.6194711380679,35.82861698039953
30.0,1200.0,65,2.6907248094147422,20.249438838627462,1013.5336530940382,35.465282161372016
30.0,1200.0,65,2.7586228448267445,20.215133237911004,1013.4647107218965,35.10887862034512
30.0,1200.0,65,2.8284271247461903,20.18422125454099,1013.410254034449,34.761299483995025
30.0,1200.0,65,2.9,20.156633536428977,1013.3679450846334,34.424166892079185
30.0,1200.0,65,2.973213749463701,20.13224038251235,1013.3356031870488,34.09884047420469
30.0,1200.0,65,3.047950130825634,20.110865641318217,1013.3112717117546,33.78642902769711
30.0,1200.0,65,3.124099870362662,20.092299732231222,1013.2932522092043,33.487804643071925
30.0,1200.0,65,3.2015621187164243,20.07631142776409,1013.2801127660541,33.20361862528345
30.0,1200.0,65,3.2802438933713454,20.062658163383613,1013.2706776335893,32.93431865188059
30.0,1200.0,65,3.3600595232822887,20.051094754592864,1013.2640045998389,32.680166692221206
30.0,1200.0,65,3.440930106817051,20.04138049639034,1013.2593555733176,32.44125728502999
30.0,1200.0,65,3.5227829907617076,20.033284696807055,1013.2561646521407,32.21753583557499
30.0,1200.0,65,3.605551275463989,20.026590754081333,1013.2540067522908,32.00881664964412
30.0,1200.0,65,3.6891733491393435,20.021098927243496,1013.2525687879386,31.814800470458177
30.0,1200.0,65,3.773592452822642,20.016627974224253,1013.2516245043987,31.635091327721806
30.0,1200.0,65,3.858756276314948,20.013015842303552,1013.2510133851133,31.46921254610453
30.0,1200.0,65,3.9446165846632044,20.01011959525558,1013.2506235803735,31.316621794310908
30.0,1200.0,65,4.031128874149275,20.007814752448844,1013.2503785098899,31.176725086122758
30.0,1200.0,65,4.1182520563948,20.0059941998595,1013.2502266370283,31.0488896718148
30.0,1200.0,65,4.205948168962618,20.004566813668934,1013.250133861217,30.932455782472502
30.0,1200.0,65,4.294182110716778,20.003455915768434,1013.2500779919704,30.826747211200246
30.0,1200.0,65,4.382921400162226,20.00259765867326,1013.2500448246374,30.731080734155455
30.0,1200.0,65,4.47213595499958,20.001939416291037,1013.2500254129828,30.644774390893467
30.0,1200.0,65,4.561797891182818,20.001438237590847,1013.2500142123652,30.567154657748446
30.0,1200.0,65,4.651881339845203,20.001059403060985,1013.2500078405867,30.497562559988612
30.0,1200.0,65,4.742362280551751,20.000775109237534,1013.250004266794,30.435358778352764
30.0,1200.0,65,4.833218389437829,20.000563294621987,1013.2500022904716,30.379927813393444
30.0,1200.0,65,4.924428900898052,20.00040661090348,1013.2500012128786,30.330681276926626
30.0,1200.0,65,5.015974481593782,20.00029153635722,1013.2500006335456,30.287060383943068
30.0,1200.0,65,5.107837115648854,20.000207623325032,1013.2500003264415,30.248537720710498
30.0,1200.0,65,5.2,20.000146868476737,1013.2500001659199,30.214618365642846
30.0,1200.0,65,5.292447448959697,20.000103192773174,1013.2500000831872,30.184840438996158
30.0,1200.0,65,5.385164807134504,20.000072017385758,1013.2500000411411,30.15877515574329
30.0,1200.0,65,2.1,20.801183137276343,1015.7390653998177,39.39335695524663
30.0,1200.0,65,2.1023796041628637,20.797767305399926,1015.7195891434181,39.37438750679324
30.0,1200.0,65,2.1095023109728985,20.787613618223094,1015.6620950526585,39.317764958547855
30.0,1200.0,65,2.1213203435596424,20.77099871743542,1015.5693099991774,39.22433670490405
30.0,1200.0,65,2.137755832643195,20.748368125461592,1015.4455308854693,39.09548246637444
30.0,1200.0,65,2.1587033144922905,20.720314267765676,1015.2962839269683,38.93306780994075
30.0,1200.0,65,2.1840329667841556,20.687548213315882,1015.1279046456342,38.739383611649316
30.0,1200.0,65,2.2135943621178655,20.65086726492767,1014.947084546743,38.51707532020669
30.0,1200.0,65,2.247220505424423,20.611120679943994,1014.7604304503021,38.269066165099495
30.0,1200.0,65,2.2847319317591728,20.569175720849916,1014.5740764035476,37.99847833779389
30.0,1200.0,65,2.3259406699226015,20.525885965702983,1014.3933776346123,37.708555737669656
30.0,1200.0,65,2.3706539182259396,20.482063408766056,1014.2227032533559,37.40259122344674
30.0,1200.0,65,2.418677324489565,20.438455416601762,1014.0653315256294,37.08386055905356
30.0,1200.0,65,2.4698178070456938,20.395727132451896,1013.9234403398008,36.755564488740774
30.0,1200.0,65,2.5238858928247927,20.354449487616733,1013.7981771460578,36.42077969244781
30.0,1200.0,65,2.5806975801127883,20.315092613036725,1013.6897877065039,36.082418802597
30.0,1200.0,65,2.6400757564888173,20.278024162870327,1013.597781372085,35.74319922509783
30.0,1200.0,65,2.701851217221259,20.243511867917437,1013.5211117786754,35.405620198022085
30.0,1200.0,65,2.7658633371878665,20.21172952486148,1013.4583550487617,35.07194732613515
30.0,1200.0,65,2.831960451701259,20.18276558665613,1013.4078719381579,34.74420372699809
30.0,1200.0,65,2.9,20.156633536428977,1013.3679450846334,34.424166892079185
30.0,1200.0,65,2.9698484809834995,20.133283287808176,1013.3368869610198,34.113370383382374
30.0,1200.0,65,3.0413812651491097,20.11261294506521,1013.3131178754624,33.81310953503632
30.0,1200.0,65,3.1144823004794877,20.09448036483618,1013.2952161670077,33.524450396514816
30.0,1200.0,65,3.189043743820395,20.07871407722383,1013.2819445640905,33.24824122981659
30.0,1200.0,65,3.2649655434629015,20.065123239568535,1013.272257588388,32.98512595033793
30.0,1200.0,65,3.342154993413681,20.053506404837936,1013.2652950622007,32.735558976143885
30.0,1200.0,65,3.420526275297414,20.043658983969447,1013.2603664167693,32.49982102054483
30.0,1200.0,65,3.5000000000000004,20.03537936478222,1013.2569298048527,32.27803542724684
30.0,1200.0,65,3.5805027579936315,20.028473717834576,1013.2545691713374,32.070184705615624
30.0,1200.0,65,3.661966684720111,20.022759571582842,1013.2529715691717,31.87612697599995
30.0,1200.0,65,3.744329045369811,20.0180682760651,1013.2519062194372,31.695612082067782
30.0,1200.0,65,3.8275318418009276,20.01424649743852,1013.2512061580915,31.528297169266576
30.0,1200.0,65,3.9115214431215897,20.01115689685471,1013.2507528086177,31.37376156636925
30.0,1200.0,65,3.9962482405376174,20.00867814843461,1013.2504634659466,31.23152084108898
30.0,1200.0,65,4.08166632639171,20.00670444465935,1013.2502814538193,31.10103993133852
30.0,1200.0,65,4.167733196834941,20.005144625424375,1013.2501685990267,30.98174528118954
30.0,1200.0,65,4.254409477236529,20.003921051242635,1013.2500996239023,30.873035935196125
30.0,1200.0,65,4.341658669218482,20.00296832331783,1013.2500580676276,30.774293566666604
30.0,1200.0,65,4.4294469180700204,20.002231934844655,1013.2500333862555,30.68489143483665
30.0,1200.0,65,4.517742799230607,20.00166692002987,1013.2500189349913,30.604202282823906
30.0,1200.0,65,4.606517122512409,20.001236550771022,1013.2500105931866,30.531605202823897
30.0,1200.0,65,4.695742752749559,20.00091111621104,1013.2500058459126,30.466491507328616
30.0,1200.0,65,4.78539444560216,20.00066680780084,1013.2500031823065,30.408269655306547
30.0,1200.0,65,4.8754486972995625,20.00048472214836,1013.250001708816,30.356369290379796
30.0,1200.0,65,4.965883607174055,20.00034998575793,1013.2500009051314,30.31024445418611
30.0,1200.0,65,5.056678751908213,20.000250999607726,1013.2500004729228,30.269376042452105
30.0,1200.0,65,5.1478150704935,20.000178797143207,1013.250000243742,30.23327357397196
30.0,1200.0,65,5.239274758971895,20.000126506411878,1013.2500001239171,30.201476343840135
30.0,1200.0,65,5.331041174104736,20.000088905450244,1013.2500000621428,30.173554032091726
30.0,1200.0,65,5.423098745182499,20.00006205938637,1013.2500000307404,30.149106837531424
30.0,1200.0,65,2.2,20.667530151696344,1015.0282131786305,38.618809489238444
30.0,1200.0,65,2.202271554554524,20.66472166515537,1015.0144208133156,38.601751174681624
30.0,1200.0,65,2.209072203437452,20.65637166713664,1014.9736974994181,38.550823057716535
30.0,1200.0,65,2.220360331117452,20.642702829160385,1014.9079515533576,38.466757556556416
30.0,1200.0,65,2.23606797749979,20.624074185687057,1014.8201929873013,38.35074902607524
30.0,1200.0,65,2.2561028345356955,20.60096399676531,1014.7142986158964,38.20441603990817
30.0,1200.0,65,2.280350850198276,20.573947614184032,1014.5947215826359,38.029751962039136
30.0,1200.0,65,2.3086792761230392,20.543671948760323,1014.4661764989423,37.82906672494445
30.0,1200.0,65,2.340939982143925,20.510828270554004,1014.3333316697854,37.60492300000827
30.0,1200.0,65,2.3769728648009427,20.476125041014846,1014.2005360852663,37.360069926375175
30.0,1200.0,65,2.4166091947189146,20.44026230048653,1014.0716019932842,37.097377301744814
30.0,1200.0,65,2.459674775249769,20.403908854461594,1013.9496553090632,36.819772701310434
30.0,1200.0,65,2.505992817228334,20.367683161662526,1013.8370573024575,36.53018345535591
30.0,1200.0,65,2.5553864678361276,20.332138468904738,1013.7353931742945,36.23148485268461
30.0,1200.0,65,2.6076809620810595,20.297752397279364,1013.6455171571776,35.92645540242219
30.0,1200.0,65,2.6627053911388696,20.264920887228605,1013.5676400826168,35.61773951895533
30.0,1200.0,65,2.720294101747089,20.2339561720594,1013.5014439592674,35.30781761407158
30.0,1200.0,65,2.780287754891569,20.205088276648695,1013.4462086971079,34.99898329210005
30.0,1200.0,65,2.8425340807103794,20.17846942957498,1013.4009381792602,34.69332714271011
30.0,1200.0,65,2.906888370749727,20.15418072662836,1013.3644758393557,34.39272650031142
30.0,1200.0,65,2.973213749463701,20.13224038251235,1013.3356031870488,34.09884047420469
30.0,1200.0,65,3.0413812651491097,20.11261294506521,1013.3131178754624,33.81310953503632
30.0,1200.0,65,3.111269837220809,20.095218911840988,1013.295890596652,33.536758957389345
30.0,1200.0,65,3.18276609256791,20.07994427241928,1013.2829021431535,33.270805454383805
30.0,1200.0,65,3.2557641192199416,20.066649592563415,1013.2732633322988,33.01606638927294
30.0,1200.0,65,3.3301651610693423,20.05517835098479,1013.266221201207,32.773171004806436
30.0,1200.0,65,3.4058772731852804,20.04536433021237,1013.2611550544405,32.542573169131195
30.0,1200.0,65,3.4828149534536,20.0370379456546,1013.2575657244508,32.32456519430959
30.0,1200.0,65,3.5608987629529714,20.030031468534997,1013.2550609318203,32.11929233839985
30.0,1200.0,65,3.6400549446402595,20.024183157400593,1013.2533390366493,31.926767653529026
30.0,1200.0,65,3.7202150475476548,20.019340358825705,1013.2521728559641,31.746886890095617
30.0,1200.0,65,3.801315561749643,20.015361671102923,1013.2513946554247,31.579443211103662
30.0,1200.0,65,3.88329756778952,20.0121182861187,1013.250882948313,31.42414151077005
30.0,1200.0,65,3.9661064030103885,20.00949463569072,1013.2505513676113,31.280612168167224
30.0,1200.0,65,4.049691346263318,20.0073884711033,1013.2503396168587,31.14842409999022
30.0,1200.0,65,4.1340053217188775,20.00571050022562,1013.250206339765,31.027097006784157
30.0,1200.0,65,4.219004621945797,20.004383697222377,1013.2501236588938,30.91611273432295
30.0,1200.0,65,4.304648650006177,20.003342387127468,1013.2500731002694,30.814925696445375
30.0,1200.0,65,4.39089968002003,20.002531192913388,1013.2500426251329,30.722972327656688
30.0,1200.0,65,4.4777226354476225,20.001903917377174,1013.2500245169911,30.639679553296453
30.0,1200.0,65,4.565084884205331,20.00142241714724,1013.2500139099112,30.564472282146806
30.0,1200.0,65,4.652956049652738,20.00105551210956,1013.2500077846319,30.496779941095568
30.0,1200.0,65,4.741307836451879,20.000777961036672,1013.25000429743,30.436042083963542
30.0,1200.0,65,4.830113870293329,20.000569523452533,1013.2500023401125,30.381713116949133
30.0,1200.0,65,4.919349550499538,20.000414118884265,1013.250001256961,30.33326619144346
30.0,1200.0,65,5.008991914547277,20.00029908760778,1013.2500006659841,30.2901963213434
30.0,1200.0,65,5.099019513592785,20.000214551662157,1013.2500003480667,30.252022786571658
30.0,1200.0,65,5.189412298131649,20.00015287109765,1013.2500001794391,30.21829088744709
30.0,1200.0,65,5.280151512977635,20.000108187910513,1013.2500000912488,30.18857311599057
30.0,1200.0,65,5.371219600798314,20.000076048669133,1013.2500000457711,30.162469810365565
30.0,1200.0,65,5.462600113499065,20.00005309622161,1013.2500000226469,30.139609357606965
30.0,1200.0,65,2.3000000000000003,20.55280292586021,1014.5043335476145,37.89016789067764
30.0,1200.0,65,2.302172886644268,20.550505043865435,1014.4946811411218,37.874839145377614
30.0,1200.0,65,2.3086792761230392,20.543671948760323,1014.4661764989423,37.82906672494445
30.0,1200.0,65,2.3194827009486407,20.532482405622265,1014.4201412011889,37.75348551590929
30.0,1200.0,65,2.3345235059857505,20.517224948117114,1014.3586615452512,37.64913219357673
30.0,1200.0,65,2.353720459187964,20.498284501510856,1014.2844279905727,37.51741436638079
30.0,1200.0,65,2.3769728648009427,20.476125041014846,1014.2005360852663,37.360069926375175
30.0,1200.0,65,2.4041630560342617,20.451269488886762,1014.1102699001884,37.17911883616918
30.0,1200.0,65,2.4351591323771844,20.424278169179463,1014.0168893425956,36.976809823818954
30.0,1200.0,65,2.469817807045694,20.395727132451892,1013.9234403398008,36.75556448874077
30.0,1200.0,65,2.507987240796891,20.366187548417685,1013.8326023975668,36.51792116948755
30.0,1200.0,65,2.5495097567963927,20.336207167463645,1013.746582332469,36.266480631755904
30.0,1200.0,65,2.5942243542145698,20.306294602702984,1013.6670570033547,36.003855253724794
30.0,1200.0,65,2.6419689627245817,20.276906913543687,1013.5951624685243,35.732622966203046
30.0,1200.0,65,2.6925824035672523,20.24844070681056,1013.5315227870448,35.455286789925964
30.0,1200.0,65,2.7459060435491964,20.221226733333314,1013.4763089932667,35.17424043335652
30.0,1200.0,65,2.8017851452243803,20.195527760647373,1013.429317651296,34.89174009116972
30.0,1200.0,65,2.8600699292150185,20.171539353312266,1013.3900586610087,34.60988232507155
30.0,1200.0,65,2.920616373302047,20.149393092829957,1013.3578433094968,34.33058771509777
30.0,1200.0,65,2.98328677803526,20.129161716340484,1013.3318655456279,34.0555898356587
30.0,1200.0,65,3.047950130825634,20.110865641318217,1013.3112717117546,33.78642902769711
30.0,1200.0,65,3.1144823004794877,20.09448036483618,1013.2952161670077,33.524450396514816
30.0,1200.0,65,3.18276609256791,20.07994427241928,1013.2829021431535,33.270805454383805
30.0,1200.0,65,3.252691193458119,20.06716645502621,1013.2736086481028,33.02645683929856
30.0,1200.0,65,3.3241540277189325,20.05603420592495,1013.2667052261421,32.79218556889974
30.0,1200.0,65,3.397057550292606,20.046419945818734,1013.261656922047,32.5686003259847
30.0,1200.0,65,3.4713109915419564,20.038187399388498,1013.2580219507036,32.35614831482633
30.0,1200.0,65,3.54682957019364,20.03119691553236,1013.2554444414711,32.1551272726721
30.0,1200.0,65,3.6235341863986883,20.02530988428742,1013.253644308639,31.965698266193122
30.0,1200.0,65,3.70135110466435,20.020392254089156,1013.2524058875692,31.78789894693902
30.0,1200.0,65,3.78021163428716,20.016317192979024,1013.2515665437792,31.62165698220403
30.0,1200.0,65,3.8600518131237567,20.01296696670839,1013.2510060610584,31.466803417664924
30.0,1200.0,65,3.9408120990476068,20.01023412610026,1013.2506372756152,31.32308576548981
30.0,1200.0,65,4.022437072223753,20.00802210663804,1013.2503981595019,31.190180646263073
30.0,1200.0,65,4.104875150354759,20.00624534643243,1013.2502453683499,31.067705845028115
30.0,1200.0,65,4.188078318274385,20.004829025972956,1013.250149147439,30.955231671060904
30.0,1200.0,65,4.272001872658765,20.00370852590032,1013.2500894236381,30.852291537711032
30.0,1200.0,65,4.356604182158393,20.00282868884954,1013.2500528848215,30.758391702846737
30.0,1200.0,65,4.4418464629025625,20.002142959466124,1013.2500308499385,30.673020132176408
30.0,1200.0,65,4.527692569068709,20.001612464045735,1013.2500177510497,30.595654467052604
30.0,1200.0,65,4.6141087980237305,20.001205078735232,1013.2500100749236,30.52576909535793
30.0,1200.0,65,4.701063709417264,20.0008945234882,1013.2500056403835,30.462841338793233
30.0,1200.0,65,4.788527957525152,20.00065950841856,1013.2500031147664,30.406356782415212
30.0,1200.0,65,4.876474136094644,20.000482950092625,1013.2500016966524,30.355813782690984
30.0,1200.0,65,4.964876634922565,20.00035126774618,1013.2500009116143,30.31072719875511
30.0,1200.0,65,5.053711507397311,20.00025376339614,1013.2500004831481,30.27063139808568
30.0,1200.0,65,5.142956348249516,20.00018208523878,1013.2500002525808,30.235082592591734
30.0,1200.0,65,5.232590180780452,20.0001297704351,1013.2500001302479,30.203660564266823
30.0,1200.0,65,5.322593352868506,20.00009186119394,1013.2500000662509,30.17596984126537
30.0,1200.0,65,5.412947441089743,20.000064586778656,1013.2500000332401,30.151640385660595
30.0,1200.0,65,5.503635162326805,20.000045103491793,1013.2500000164506,30.130327853408808
30.0,1200.0,65,2.4000000000000004,20.455002638963585,1014.1235670077106,37.20661237562239
30.0,1200.0,65,2.402082429892863,20.453132014607597,1014.1168924881648,37.19285010339018
30.0,1200.0,65,2.4083189157584592,20.44756858217881,1014.097178866716,37.151748955563434
30.0,1200.0,65,2.418677324489565,20.438455416601762,1014.0653315256294,37.08386055905356
30.0,1200.0,65,2.433105012119288,20.426023648013295,1014.0227807700895,36.990086661050846
30.0,1200.0,65,2.451530134426253,20.41058201908184,1013.9713730933165,36.87165370735135
30.0,1200.0,65,2.4738633753705965,20.39250330467693,1013.9132360528391,36.73007919890319
30.0,1200.0,65,2.5000000000000004,20.372208503797726,1013.8506308236663,36.56713154982095
30.0,1200.0,65,2.529822128134704,20.350149810196626,1013.7858068139203,36.38478538081075
30.0,1200.0,65,2.5632011235952596,20.32679337499603,1013.7208712355043,36.18517423873939
30.0,1200.0,65,2.6,20.302602800204717,1013.6576836047024,35.97054265050045
30.0,1200.0,65,2.6400757564888173,20.278024162870327,1013.597781372085,35.74319922509783
30.0,1200.0,65,2.683281572999748,20.25347318677468,1013.542338871682,35.50547224675998
30.0,1200.0,65,2.7294688127912363,20.229324974378386,1013.4921581032792,35.25966888977078
30.0,1200.0,65,2.7784887978899615,20.205906506704526,1013.4476869451169,35.00803886472747
30.0,1200.0,65,2.8301943396169813,20.183491929835743,1013.4090584790029,34.7527430015943
30.0,1200.0,65,2.8844410203711917,20.162300485746133,1013.3761442506125,34.495827004791124
30.0,1200.0,65,2.941088233970549,20.142496819441156,1013.3486143818888,34.23920038954248
30.0,1200.0,65,3.0000000000000004,20.124193306515522,1013.3259982892579,33.98462043023303
30.0,1200.0,65,3.0610455730027937,20.10745399430903,1013.3077410775102,33.73368081914138
30.0,1200.0,65,3.124099870362662,20.092299732231222,1013.2932522092043,33.487804643071925
30.0,1200.0,65,3.189043743820395,20.07871407722383,1013.2819445640905,33.24824122981659
30.0,1200.0,65,3.2557641192199416,20.066649592563415,1013.2732633322988,33.01606638927294
30.0,1200.0,65,3.3241540277189325,20.05603420592495,1013.2667052261421,32.79218556889974
30.0,1200.0,65,3.3941125496954285,20.046777349810473,1013.2618292088247,32.577339454210595
30.0,1200.0,65,3.4655446902326914,20.03877566875247,1013.2582603356931,32.3721115673349
30.0,1200.0,65,3.538361202590827,20.03191813866878,1013.2556884315114,32.17693744643388
30.0,1200.0,65,3.612478373637689,20.026090500893876,1013.2538632509076,31.9921150229747
30.0,1200.0,65,3.6878177829171555,20.021178964239763,1013.2525875585342,31.817815850338075
30.0,1200.0,65,3.764306044943743,20.017073171372573,1013.2517092847409,31.654096874395893
30.0,1200.0,65,3.8418745424597094,20.01366846006866,1013.2511136136194,31.500912473459003
30.0,1200.0,65,3.920459156782532,20.010867475460866,1013.2507155803356,31.358126530635754
30.0,1200.0,65,4.0,20.008581206663937,1013.2504535163006,31.22552433568819
30.0,1200.0,65,4.080441152620634,20.006729531028288,1013.2502834941246,31.10282414562854
30.0,1200.0,65,4.161730409336963,20.005241352814068,1013.25017479021,30.98968826338547
30.0,1200.0,65,4.243819034784589,20.004054421527893,1013.2501062959046,30.88573352178164
30.0,1200.0,65,4.3266615305567875,20.003114909767675,1013.2500637596916,30.790541085746288
30.0,1200.0,65,4.41021541423999,20.0023768223602,1013.2500377232767,30.70366550911219
30.0,1200.0,65,4.494441010848846,20.001801298913122,1013.2500220145037,30.62464300351244
30.0,1200.0,65,4.579301256742125,20.00135586154024,1013.2500126720527,30.5529988958122
30.0,1200.0,65,4.664761515876241,20.001013649182433,1013.2500071949122,30.488254267213364
30.0,1200.0,65,4.750789408087882,20.00075267018121,1013.2500040294522,30.429931781700176
30.0,1200.0,65,4.83735464897913,20.000555095944808,1013.2500022259205,30.37756072391346
30.0,1200.0,65,4.924428900898052,20.00040661090348,1013.2500012128786,30.330681276926626
30.0,1200.0,65,5.011985634456668,20.000295827581212,1013.250000651883,30.288848078843497
30.0,1200.0,65,5.1000000000000005,20.0002137705155,1013.2500003455947,30.251633103755776
30.0,1200.0,65,5.1884487084291395,20.00015342886128,1013.2500001807215,30.218627917511697
30.0,1200.0,65,5.277309920783505,20.00010937469763,1013.2500000932175,30.189445362094457
30.0,1200.0,65,5.366563145999496,20.00007744216431,1013.2500000474275,30.163720724336656
30.0,1200.0,65,5.456189146281496,20.000054461428896,1013.2500000238017,30.141112445359674
30.0,1200.0,65,5.546169849544819,20.000038040963275,1013.2500000117823,30.121302426683442
30.0,1200.0,65,2.5,20.372208503797726,1013.8506308236663,36.56713154982096
30.0,1200.0,65,2.5019992006393608,20.37069360999765,1013.8460712396394,36.554788571068265
30.0,1200.0,65,2.5079872407968904,20.366187548417685,1013.8326023975668,36.51792116948754
30.0,1200.0,65,2.5179356624028344,20.35880443041961,1013.8108376748911,36.45700950696699
30.0,1200.0,65,2.5317977802344327,20.348728735947056,1013.7817466805607,36.372839277475826
30.0,1200.0,65,2.5495097567963922,20.336207167463645,1013.746582332469,36.26648063175591
30.0,1200.0,65,2.570992026436488,20.321538027967676,1013.7067900641259,36.13926017590287
30.0,1200.0,65,2.596150997149434,20.305058812865177,1013.6639084922152,35.99272738828907
30.0,1200.0,65,2.6248809496813377,20.28713278459002,1013.6194711380679,35.82861698039953
30.0,1200.0,65,2.6570660511172846,20.2681353118156,1013.574917862589,35.64880879424278
30.0,1200.0,65,2.692582403567252,20.24844070681056,1013.5315227870448,35.45528678992597
30.0,1200.0,65,2.7313000567495327,20.22841019585335,1013.4903429932943,35.25009854939296
30.0,1200.0,65,2.7730849247724096,20.2083815233287,1013.4521896327267,35.03531652977021
30.0,1200.0,65,2.817800560721074,20.188660536303303,1013.417620600013,34.813002067714805
30.0,1200.0,65,2.8653097563788807,20.16951493846147,1013.3869519361891,34.58517288859171
30.0,1200.0,65,2.9154759474226504,20.15117025346805,1013.3602837880176,34.35377463133317
30.0,1200.0,65,2.968164415931166,20.133807908119724,1013.3375361162608,34.12065667645103
30.0,1200.0,65,3.023243291566195,20.117565241524463,1013.3184893570128,33.887552370539254
30.0,1200.0,65,3.0805843601498726,20.102537171105645,1013.3028257642651,33.65606358053823
30.0,1200.0,65,3.1400636936215163,20.088779199644318,1013.2901680254256,33.427649385956684
30.0,1200.0,65,3.2015621187164243,20.07631142776409,1013.2801127660541,33.20361862528345
30.0,1200.0,65,3.2649655434629015,20.065123239568535,1013.272257588388,32.98512595033793
30.0,1200.0,65,3.3301651610693423,20.05517835098479,1013.266221201207,32.773171004806436
30.0,1200.0,65,3.397057550292606,20.046419945818734,1013.261656922047,32.5686003259847
30.0,1200.0,65,3.4655446902326914,20.03877566875247,1013.2582603356931,32.3721115673349
30.0,1200.0,65,3.5355339059327378,20.032162293101273,1013.2557721798855,32.1842596499047
30.0,1200.0,65,3.606937759374287,20.026489930319777,1013.2539776298221,32.005464469603936
30.0,1200.0,65,3.67967389859482,20.021665694984765,1013.2527031107995,31.8360198120765
30.0,1200.0,65,3.753664875824692,20.017596781053417,1013.2518116307014,31.67610315531186
30.0,1200.0,65,3.8288379438153295,20.014192941133174,1013.2511974351823,31.52578607058475
30.0,1200.0,65,3.905124837953327,20.011368389527053,1013.2507805845603,31.385044963581624
30.0,1200.0,65,3.9824615503479754,20.009043171748853,1013.250501858834,31.253771928780434
30.0,1200.0,65,4.060788100849391,20.007144058322698,1013.2503182321186,31.131785520657857
30.0,1200.0,65,4.1400483088968905,20.005605029623972,1013.2501990277196,31.018841274651262
30.0,1200.0,65,4.220189569201839,20.004367422149866,1013.2501227709937,30.914641838679884
30.0,1200.0,65,4.301162633521313,20.00337980591499,1013.2500746956736,30.818846602207906
30.0,1200.0,65,4.382921400162226,20.00259765867326,1013.2500448246374,30.731080734155455
30.0,1200.0,65,4.465422712353221,20.00198289635213,1013.2500265315973,30.650943563329093
30.0,1200.0,65,4.548626166217664,20.001503311338908,1013.2500154895349,30.578016255386046
30.0,1200.0,65,4.632493928760188,20.00113196184313,1013.2500089195789,30.511868758633728
30.0,1200.0,65,4.716990566028302,20.000846547090823,1013.2500050662139,30.45206600719169
30.0,1200.0,65,4.8020828814171885,20.000628795054894,1013.2500028382963,30.398173384226453
30.0,1200.0,65,4.887739763939975,20.00046388211755,1013.2500015684419,30.349761460151615
30.0,1200.0,65,4.973932046178355,20.00033989769706,1013.2500008549031,30.3064100309292
30.0,1200.0,65,5.060632371551998,20.000247361545217,1013.2500004596253,30.267711489996103
30.0,1200.0,65,5.1478150704935,20.000178797143207,1013.250000243742,30.23327357397196
30.0,1200.0,65,5.23545604508337,20.00012836133727,1013.250000127496,30.20272152729827
30.0,1200.0,65,5.323532661682466,20.000091527964706,1013.2500000657814,30.175699734442574
30.0,1200.0,65,5.412023651093924,20.000064821603008,1013.2500000334771,30.15187287041602
30.0,1200.0,65,5.500909015790027,20.00004559659771,1013.2500000168048,30.130926621244484
30.0,1200.0,65,5.5901699437494745,20.000031856055674,1013.2500000083207,30.11256802585446
30.0,1200.0,65,2.6,20.302602800204717,1013.6576836047024,35.97054265050045
30.0,1200.0,65,2.6019223662515376,20.30138253109478,1013.6546068538405,35.959485653186796
30.0,1200.0,65,2.6076809620810595,20.297752397279364,1013.6455171571776,35.92645540242219
30.0,1200.0,65,2.6172504656604803,20.291803060744762,1013.630825345115,35.87187043187395
30.0,1200.0,65,2.6305892875931813,20.28368118751752,1013.61118120107,35.79641617761118
30.0,1200.0,65,2.6476404589747453,20.273583102286587,1013.5874250555157,35.7010274111399
30.0,1200.0,65,2.668332812825267,20.261746495520843,1013.5605274186379,35.586864819382725
30.0,1200.0,65,2.6925824035672523,20.24844070681056,1013.5315227870448,35.455286789925964
30.0,1200.0,65,2.7202941017470885,20.2339561720594,1013.5014439592674,35.30781761407159
30.0,1200.0,65,2.751363298439521,20.218593637082954,1013.4712626132674,35.14611338919128
30.0,1200.0,65,2.785677655436824,20.202653708941515,1013.4418406865198,34.97192688954693
30.0,1200.0,65,2.823118842698621,20.18642724620549,1013.4138954853925,34.78707259231999
30.0,1200.0,65,2.863564212655271,20.17018699058646,1013.3879796978541,34.593392909069394
30.0,1200.0,65,2.906888370749727,20.15418072662836,1013.3644758393557,34.39272650031142
30.0,1200.0,65,2.95296461204668,20.13862613498838,1013.3436033208391,34.186879360185024
30.0,1200.0,65,3.001666203960727,20.12370738847145,1013.3254354101628,33.97759916490491
30.0,1200.0,65,3.0528675044947495,20.109573436517714,1013.3099229035201,33.76655319534519
30.0,1200.0,65,3.106444913401814,20.096337838874092,1013.2969213002501,33.555309979412534
30.0,1200.0,65,3.1622776601683795,20.084079945772494,1013.2862185992351,33.34532465909703
30.0,1200.0,65,3.2202484376209237,20.072847180869342,1013.2775613955329,33.13792797243091
30.0,1200.0,65,3.2802438933713454,20.062658163383613,1013.2706776335893,32.93431865188059
30.0,1200.0,65,3.342154993413681,20.053506404837936,1013.2652950622007,32.735558976143885
30.0,1200.0,65,3.4058772731852804,20.04536433021237,1013.2611550544405,32.542573169131195
30.0,1200.0,65,3.4713109915419564,20.038187399388498,1013.2580219507036,32.35614831482633
30.0,1200.0,65,3.538361202590827,20.03191813866878,1013.2556884315114,32.17693744643388
30.0,1200.0,65,3.606937759374287,20.026489930319777,1013.2539776298221,32.005464469603936
30.0,1200.0,65,3.6769552621700474,20.021830447373624,1013.252742768803,31.84213058980092
30.0,1200.0,65,3.7483329627982624,20.017864658763088,1013.2518650888449,31.6872219306812
30.0,1200.0,65,3.82099463490856,20.014517364319968,1013.2512507388328,31.540918051702857
30.0,1200.0,65,3.8948684188300895,20.011715248911468,1013.2508271813348,31.40330109753662
30.0,1200.0,65,3.9698866482558417,20.00938846927645,1013.2505395242482,31.27436533793654
30.0,1200.0,65,4.045985664828782,20.007471805703545,1013.2503470608071,31.154026883601638
30.0,1200.0,65,4.123105625617661,20.005905423722492,1013.2502201870979,31.04213339047777
30.0,1200.0,65,4.201190307520001,20.004635298921695,1013.2501377768873,30.938473591354594
30.0,1200.0,65,4.28018691180654,20.003613361529588,1013.2500850285643,30.84278651908386
30.0,1200.0,65,4.360045871318328,20.00279741729312,1013.2500517562006,30.754770309967956
30.0,1200.0,65,4.440720662234904,20.002150898282494,1013.250031072304,30.674090498608336
30.0,1200.0,65,4.522167621838006,20.001642492352154,1013.2500183993276,30.600387736592932
30.0,1200.0,65,4.604345773288536,20.00124569383126,1013.2500107461093,30.533284886722154
30.0,1200.0,65,4.687216658103186,20.000938311238084,1013.2500061904794,30.472393461948926
30.0,1200.0,65,4.770744176750625,20.00070196093201,1013.2500035174145,30.417319393799914
30.0,1200.0,65,4.854894437575343,20.000521569031974,1013.2500019712928,30.367668128744857
30.0,1200.0,65,4.9396356140913875,20.000384897922096,1013.2500010897047,30.32304906280928
30.0,1200.0,65,5.024937810560445,20.00028210841002,1013.2500005941528,30.283079334728654
30.0,1200.0,65,5.110772935672255,20.00020536418736,1013.2500003195363,30.247387006187815
30.0,1200.0,65,5.197114584074513,20.000148481678647,1013.2500001695024,30.215613664266915
30.0,1200.0,65,5.283937925449163,20.000106625616404,1013.2500000886882,30.187416486230145
30.0,1200.0,65,5.371219600798314,20.000076048669133,1013.2500000457711,30.162469810365565
30.0,1200.0,65,5.458937625582473,20.000053872078098,1013.2500000232998,30.140466258844654
30.0,1200.0,65,5.547071299343465,20.000037903419713,1013.250000011699,30.12111745965709
30.0,1200.0,65,5.635601121442148,20.000026487195647,1013.250000005794,30.104154414732392
30.0,1200.0,65,2.7,20.244489453100893,1013.5231623225627,35.41551232198825
30.0,1200.0,65,2.701851217221259,20.243511867917437,1013.5211117786754,35.405620198022085
30.0,1200.0,65,2.7073972741361767,20.24060337474006,1013.515053175662,35.37606657896257
30.0,1200.0,65,2.716615541441225,20.235835706687986,1013.5052584917822,35.32721664254963
30.0,1200.0,65,2.7294688127912363,20.229324974378386,1013.4921581032792,35.25966888977078
30.0,1200.0,65,2.7459060435491964,20.221226733333314,1013.4763089932667,35.17424043335652
30.0,1200.0,65,2.7658633371878665,20.21172952486148,1013.4583550487617,35.07194732613515
30.0,1200.0,65,2.7892651361962706,20.20104728831777,1013.4389834413979,34.95398076916761
30.0,1200.0,65,2.816025568065745,20.189411093679627,1013.4188812324098,34.82168017014867
30.0,1200.0,65,2.8460498941515415,20.177060658073668,1013.3986959819301,34.67650408882007
30.0,1200.0,65,2.879236009777594,20.1642360898077,1013.3790033690857,34.520000109796875
30.0,1200.0,65,2.9154759474226504,20.15117025346805,1013.3602837880176,34.35377463133317
30.0,1200.0,65,2.9546573405388314,20.13808207693265,1013.3429087438117,34.17946346201759
30.0,1200.0,65,2.9966648127543394,20.125171034171892,1013.327136792094,33.998703989074365
30.0,1200.0,65,3.04138126514911,20.11261294506521,1013.3131178754624,33.81310953503632
30.0,1200.0,65,3.0886890422961004,20.100557143005847,1013.3009042906684,33.624246366170134
30.0,1200.0,65,3.1384709652950433,20.089124979247128,1013.2904662025123,33.433613666286874
30.0,1200.0,65,3.190611226708764,20.078409564438896,1013.281709587021,33.242626651107244
30.0,1200.0,65,3.2449961479175906,20.068476595415433,1013.2744946857543,33.05260287627679
30.0,1200.0,65,3.301514803843836,20.059366080066994,1013.2686534129168,32.86475168922672
30.0,1200.0,65,3.3600595232822887,20.051094754592864,1013.2640045998389,32.680166692221206
30.0,1200.0,65,3.420526275297414,20.043658983969447,1013.2603664167693,32.49982102054483
30.0,1200.0,65,3.4828149534536,20.0370379456546,1013.2575657244508,32.32456519430959
30.0,1200.0,65,3.54682957019364,20.03119691553236,1013.2554444414711,32.1551272726721
30.0,1200.0,65,3.612478373637689,20.026090500893876,1013.2538632509076,31.9921150229747
30.0,1200.0,65,3.67967389859482,20.021665694984765,1013.2527031107995,31.8360198120765
30.0,1200.0,65,3.7483329627982624,20.017864658763088,1013.2518650888449,31.6872219306812
30.0,1200.0,65,3.818376618407357,20.014627165866813,1013.2512690309121,31.545997071795494
30.0,1200.0,65,3.889730067755345,20.01189267472804,1013.2508515164623,31.412523699829084
30.0,1200.0,65,3.9623225512317903,20.009602016133652,1013.2505634718362,31.28689106581884
30.0,1200.0,65,4.036087214122113,20.007698704626343,1013.25036772138,31.169107645623242
30.0,1200.0,65,4.110960958218893,20.006129897689725,1013.2502366689783,31.05910980071651
30.0,1200.0,65,4.186884283091665,20.004847037732663,1013.2501502266649,30.95677048463584
30.0,1200.0,65,4.263801121065569,20.00380621881149,1013.2500940464968,30.861907841582855
30.0,1200.0,65,4.341658669218482,20.00296832331783,1013.2500580676276,30.774293566666604
30.0,1200.0,65,4.420407221060069,20.00229897413614,1013.2500353611763,30.6936609194225
30.0,1200.0,65,4.5,20.001768345704015,1013.2500212385652,30.619712303257835
30.0,1200.0,65,4.580392996239516,20.00135087364405,1013.2500125815351,30.552126343139616
30.0,1200.0,65,4.661544808322667,20.001024897782674,1013.2500073511573,30.49056441199287
30.0,1200.0,65,4.743416490252569,20.000772267955053,1013.2500042363768,30.43467657280433
30.0,1200.0,65,4.825971404805461,20.00057793644836,1013.2500024079807,30.38410691825839
30.0,1200.0,65,4.909175083453432,20.00042955559323,1013.2500013499986,30.338498302835546
30.0,1200.0,65,4.992995093127972,20.000317094113683,1013.2500007465134,30.297496473678706
30.0,1200.0,65,5.0774009099144415,20.000232481540863,1013.2500004071622,30.260753616207573
30.0,1200.0,65,5.162363799656124,20.000169286363814,1013.2500002190405,30.22793133848987
30.0,1200.0,65,5.24785670536077,20.00012243064812,1013.2500001162277,30.198703124835575
30.0,1200.0,65,5.333854141237835,20.000087941573263,1013.2500000608309,30.17275629406073
30.0,1200.0,65,5.420332093147061,20.00006273866298,1013.2500000314028,30.14979350147984
30.0,1200.0,65,5.507267925205746,20.00004445433163,1013.2500000159898,30.12953382605062
30.0,1200.0,65,5.594640292279746,20.00003128465662,1013.2500000080306,30.11171348534073
30.0,1200.0,65,5.682429058070149,20.00002186692501,1013.2500000039782,30.096086221247116
30.0,1200.0,65,2.8000000000000003,20.196306572572908,1013.4306672630838,34.900577611900914
30.0,1200.0,65,2.8017851452243803,20.195527760647373,1013.429317651296,34.89174009116972
30.0,1200.0,65,2.8071337695236402,20.193210432248428,1013.4253296637377,34.86533466705034
30.0,1200.0,65,2.816025568065745,20.189411093679627,1013.4188812324098,34.82168017014867
30.0,1200.0,65,2.8284271247461903,20.18422125454099,1013.410254034449,34.761299483995025
30.0,1200.0,65,2.844292530665579,20.177763603262516,1013.3998128414654,34.68490717506919
30.0,1200.0,65,2.863564212655271,20.17018699058646,1013.3879796978541,34.593392909069394
30.0,1200.0,65,2.8861739379323628,20.161660523247814,1013.3752055040133,34.48780132499204
30.0,1200.0,65,2.9120439557122078,20.152367110492044,1013.3619416823763,34.36930914877706
30.0,1200.0,65,2.941088233970549,20.142496819441156,1013.3486143818888,34.23920038954248
30.0,1200.0,65,2.973213749463701,20.13224038251235,1013.3356031870488,34.09884047420469
30.0,1200.0,65,3.008321791298265,20.121783164372655,1013.3232256319562,33.94965014497479
30.0,1200.0,65,3.0463092423455636,20.111299842352135,1013.3117280846778,33.79307987623867
30.0,1200.0,65,3.0870698080866266,20.1009499889577,1013.3012828658359,33.63058547185232
30.0,1200.0,65,3.130495168499706,20.090874674524393,1013.2919908816558,33.463605390679206
30.0,1200.0,65,3.1764760348537187,20.081194138100187,1013.2838886402931,33.29354022658587
30.0,1200.0,65,3.22490309931942,20.072006510449047,1013.27695830275,33.12173464722303
30.0,1200.0,65,3.2756678708318403,20.06338751839485,1013.2711393874204,32.94946198024171
30.0,1200.0,65,3.3286633954186478,20.055391057058777,1013.2663408683289,32.77791153081439
30.0,1200.0,65,3.3837848631377265,20.04805048696247,1013.2624526356807,32.60817862339912
30.0,1200.0,65,3.440930106817051,20.04138049639034,1013.2593555733176,32.44125728502999
30.0,1200.0,65,3.5000000000000004,20.03537936478222,1013.2569298048527,32.27803542724684
30.0,1200.0,65,3.5608987629529714,20.030031468534997,1013.2550609318203,32.11929233839985
30.0,1200.0,65,3.6235341863986883,20.02530988428742,1013.253644308639,31.965698266193122
30.0,1200.0,65,3.6878177829171555,20.021178964239763,1013.2525875585342,31.817815850338075
30.0,1200.0,65,3.753664875824692,20.017596781053417,1013.2518116307014,31.67610315531186
30.0,1200.0,65,3.82099463490856,20.014517364319968,1013.2512507388328,31.540918051702857
30.0,1200.0,65,3.889730067755345,20.01189267472804,1013.2508515164623,31.412523699829084
30.0,1200.0,65,3.9597979746446668,20.009674284502477,1013.2505716890861,31.291094899746746
30.0,1200.0,65,4.0311288741492755,20.007814752448844,1013.2503785098899,31.176725086122758
30.0,1200.0,65,4.1036569057366385,20.006268698387338,1013.2502471463395,31.06943376361038
30.0,1200.0,65,4.177319714841085,20.004993594625965,1013.2501591472193,30.96917419740291
30.0,1200.0,65,4.25205832509386,20.00395030140935,1013.2501010693238,30.87584119376758
30.0,1200.0,65,4.327817001676481,20.003103379217066,1013.2500633026473,30.789278825942556
30.0,1200.0,65,4.404543109109048,20.002421213762123,1013.2500391032346,30.709287981295297
30.0,1200.0,65,4.4821869662029945,20.001875990041857,1013.2500238230439,30.635633625674686
30.0,1200.0,65,4.560701700396552,20.00144355034806,1013.2500143146406,30.568051700111468
30.0,1200.0,65,4.640043103248073,20.00110316827807,1013.2500084833348,30.506255583174074
30.0,1200.0,65,4.720169488482378,20.000837266993084,1013.2500049586056,30.449942069174675
30.0,1200.0,65,4.801041553663122,20.0006311056758,1013.2500028586614,30.39879682790051
30.0,1200.0,65,4.882622246293481,20.000472453702784,1013.2500016254703,30.352499325522917
30.0,1200.0,65,4.964876634922565,20.00035126774618,1013.2500009116143,30.31072719875511
30.0,1200.0,65,5.047771785649585,20.000259383055155,1013.2500005042677,30.27316008517042
30.0,1200.0,65,5.1312766442669995,20.000190226669122,1013.2500002751258,30.239482921866294
30.0,1200.0,65,5.215361924162119,20.000138557351228,1013.2500001480549,30.209388732405063
30.0,1200.0,65,5.300000000000001,20.000100234620515,1013.2500000785847,30.182580928241695
30.0,1200.0,65,5.385164807134505,20.000072017385758,1013.2500000411411,30.15877515574329
30.0,1200.0,65,5.470831746635973,20.000051391297852,1013.2500000212442,30.137700723512122
30.0,1200.0,65,5.556977595779923,20.000036422979502,1013.25000001082,30.119101647153286
30.0,1200.0,65,5.643580423808985,20.000025638691206,1013.2500000054356,30.102737349997447
30.0,1200.0,65,5.7306195127577615,20.00001792468058,1013.2500000026934,30.088383058723114
30.0,1200.0,65,2.9000000000000004,20.156633536428977,1013.3679450846334,34.424166892079185
30.0,1200.0,65,2.901723625709382,20.156016589392667,1013.3670679423835,34.41628340776491
30.0,1200.0,65,2.906888370749727,20.15418072662836,1013.3644758393557,34.39272650031142
30.0,1200.0,65,2.9154759474226504,20.15117025346805,1013.3602837880176,34.35377463133317
30.0,1200.0,65,2.9274562336608896,20.147056952246274,1013.3546739282277,34.29988474268623
30.0,1200.0,65,2.9427877939124327,20.141937126027305,1013.3478822638027,34.23168181954585
30.0,1200.0,65,2.96141857899217,20.135927715202936,1013.340182060045,34.14994486627287
30.0,1200.0,65,2.98328677803526,20.129161716340484,1013.3318655456279,34.0555898356587
30.0,1200.0,65,3.008321791298265,20.121783164372655,1013.3232256319562,33.94965014497479
30.0,1200.0,65,3.0364452901377956,20.113941950828718,1013.3145392269755,33.83325546756978
30.0,1200.0,65,3.0675723300355937,20.105788742724844,1013.3060534133049,33.70760950628558
30.0,1200.0,65,3.101612483854165,20.097470241165897,1013.2979753392202,33.57396743740935
30.0,1200.0,65,3.1384709652950433,20.089124979247128,1013.2904662025123,33.433613666286874
30.0,1200.0,65,3.178049716414141,20.08087980992247,1013.2836392572026,33.287840464653605
30.0,1200.0,65,3.220248437620924,20.072847180869342,1013.2775613955329,33.13792797243091
30.0,1200.0,65,3.264965543462902,20.065123239568535,1013.272257588388,32.98512595033793
30.0,1200.0,65,3.3120990323358392,20.057786761769943,1013.2677173214221,32.83063757066345
30.0,1200.0,65,3.3615472627943226,20.050898853294047,1013.2639021373355,32.67560543733644
30.0,1200.0,65,3.4132096331752027,20.044503340783702,1013.2607534675192,32.52109993717986
30.0,1200.0,65,3.4669871646719437,20.038627742614004,1013.258200079881,32.368109944793815
30.0,1200.0,65,3.5227829907617076,20.033284696807055,1013.2561646521407,32.21753583557499
30.0,1200.0,65,3.5805027579936315,20.028473717834576,1013.2545691713374,32.070184705615624
30.0,1200.0,65,3.6400549446402595,20.024183157400593,1013.2533390366493,31.926767653529026
30.0,1200.0,65,3.70135110466435,20.020392254089156,1013.2524058875692,31.78789894693902
30.0,1200.0,65,3.764306044943743,20.017073171372573,1013.2517092847409,31.654096874395893
30.0,1200.0,65,3.8288379438153295,20.014192941133174,1013.2511974351823,31.52578607058475
30.0,1200.0,65,3.8948684188300895,20.011715248911468,1013.2508271813348,31.40330109753662
30.0,1200.0,65,3.9623225512317903,20.009602016133652,1013.2505634718362,31.28689106581884
30.0,1200.0,65,4.0311288741492755,20.007814752448844,1013.2503785098899,31.176725086122758
30.0,1200.0,65,4.101219330881976,20.006315667182513,1013.2502507411782,31.072898352150602
30.0,1200.0,65,4.172529209005013,20.005068542248484,1013.2501638047758,30.97543866922323
30.0,1200.0,65,4.244997055358225,20.004039379392918,1013.250105532977,30.88431325871132
30.0,1200.0,65,4.318564576337837,20.003196842339797,1013.2500670529793,30.79943568548672
30.0,1200.0,65,4.39317652729776,20.002512519424368,1013.250042016808,30.720672773465846
30.0,1200.0,65,4.468780594300867,20.001961034928748,1013.2500259662542,30.64785139244661
30.0,1200.0,65,4.545327270945405,20.001520037948087,1013.2500158264093,30.580765017390377
30.0,1200.0,65,4.622769732530489,20.001170096632475,1013.2500095136537,30.519179978718064
30.0,1200.0,65,4.701063709417263,20.0008945234882,1013.2500056403835,30.462841338793233
30.0,1200.0,65,4.780167361086848,20.000679154477588,1013.2500032981491,30.411478345335624
30.0,1200.0,65,4.860041152089147,20.00051210127737,1013.2500019021111,30.36480942688127
30.0,1200.0,65,4.94064773081425,20.000383492533857,1013.2500010819534,30.322546708463452
30.0,1200.0,65,5.021951811795889,20.00028521651748,1013.2500006070034,30.284400037358274
30.0,1200.0,65,5.103920062069938,20.00021067439637,1013.2500003358814,30.250080518982184
30.0,1200.0,65,5.186520991955976,20.000154550528105,1013.2500001833139,30.21930357184264
30.0,1200.0,65,5.269724850502159,20.00011260376973,1013.2500000986781,30.19179151785124
30.0,1200.0,65,5.3535035257296695,20.000081481847996,1013.2500000523919,30.167275730359606
30.0,1200.0,65,5.43783044972901,20.000058559301458,1013.2500000274364,30.145498367041238
30.0,1200.0,65,5.5226805085936315,20.00004179837003,1013.2500000141713,30.12621371830269
30.0,1200.0,65,5.608029957123982,20.000029631417,1013.2500000072197,30.10918920436325
30.0,1200.0,65,5.6938563381947045,20.000020862968803,1013.2500000036277,30.09420605560136
30.0,1200.0,65,5.780138406647371,20.000014589192396,1013.250000001798,30.081059711341506
30.0,1200.0,65,3.0,20.124193306515522,1013.3259982892579,33.98462043023303
30.0,1200.0,65,3.0016662039607267,20.12370738847145,1013.3254354101628,33.97759916490491
30.0,1200.0,65,3.0066592756745814,20.12226131940533,1013.3237718788197,33.95661705514029
30.0,1200.0,65,3.014962686336267,20.119889670055752,1013.3210811363045,33.921917323014675
30.0,1200.0,65,3.026549190084311,20.11664847294473,1013.3174795265651,33.87389928790807
30.0,1200.0,65,3.0413812651491097,20.11261294506521,1013.3131178754624,33.81310953503632
30.0,1200.0,65,3.059411708155671,20.107874492546703,1013.3081709399113,33.74023002476828
30.0,1200.0,65,3.0805843601498726,20.102537171105645,1013.3028257642651,33.65606358053823
30.0,1200.0,65,3.104834939252005,20.096713800810157,1013.2972700276575,33.561517271325755
30.0,1200.0,65,3.132091952673165,20.09052194344965,1013.2916813832239,33.457584253840864
30.0,1200.0,65,3.1622776601683795,20.084079945772494,1013.2862185992351,33.34532465909703
30.0,1200.0,65,3.1953090617340916,20.07750323353544,1013.2810150481843,33.225846099593504
30.0,1200.0,65,3.2310988842807027,20.070901012238156,1013.276174794586,33.10028434029219
30.0,1200.0,65,3.269556544854363,20.064373493818177,1013.2717712468979,32.969784623663294
30.0,1200.0,65,3.3105890714493698,20.05800972796709,1013.2678480978844,32.83548407165766
30.0,1200.0,65,3.3541019662496847,20.051886075523157,1013.2644221040606,32.698495511023964
30.0,1200.0,65,3.4,20.04606532263392,1013.2614871587734,32.55989298806181
30.0,1200.0,65,3.448187929913334,20.04059640048763,1013.2590190929798,32.4206991591433
30.0,1200.0,65,3.4985711369071804,20.03551464807706,1013.2569806810865,32.281874667734556
30.0,1200.0,65,3.5510561809129406,20.030842535614454,1013.2553264184639,32.14430954985267
30.0,1200.0,65,3.605551275463989,20.026590754081333,1013.2540067522908,32.00881664964412
30.0,1200.0,65,3.661966684720111,20.022759571582842,1013.2529715691717,31.87612697599995
30.0,1200.0,65,3.7202150475476548,20.019340358825705,1013.2521728559641,31.746886890095617
30.0,1200.0,65,3.78021163428716,20.016317192979024,1013.2515665437792,31.62165698220403
30.0,1200.0,65,3.8418745424597094,20.01366846006866,1013.2511136136194,31.500912473459003
30.0,1200.0,65,3.905124837953327,20.011368389527053,1013.2507805845603,31.385044963581624
30.0,1200.0,65,3.9698866482558417,20.00938846927645,1013.2505395242482,31.27436533793654
30.0,1200.0,65,4.036087214122113,20.007698704626343,1013.25036772138,31.169107645623242
30.0,1200.0,65,4.1036569057366385,20.006268698387338,1013.2502471463395,31.06943376361038
30.0,1200.0,65,4.172529209005013,20.005068542248484,1013.2501638047758,30.97543866922323
30.0,1200.0,65,4.242640687119285,20.00406952017445,1013.250107064362,30.88715615371139
30.0,1200.0,65,4.313930922024598,20.003244633111862,1013.250069010869,30.804564822361193
30.0,1200.0,65,4.386342439892262,20.002568960600815,1013.2500438683949,30.727594240977336
30.0,1200.0,65,4.459820624195552,20.002019879069124,1013.2500275013821,30.656131103935568
30.0,1200.0,65,4.534313619501853,20.001577158858698,1013.2500170032545,30.590025314886876
30.0,1200.0,65,4.6097722286464435,20.001222962682167,1013.2500103678808,30.529095887138176
30.0,1200.0,65,4.686149805543993,20.000941767558984,1013.250006234957,30.473136586384246
30.0,1200.0,65,4.763402145525822,20.00072023066462,1013.2500036980014,30.42192125352699
30.0,1200.0,65,4.841487374764082,20.000547017258857,1013.2500021631914,30.375208759557065
30.0,1200.0,65,4.920365840057018,20.000412606220102,1013.2500012480181,30.332747557709094
30.0,1200.0,65,5.0,20.000309085937648,1013.2500007101468,30.294279810203726
30.0,1200.0,65,5.0803543183522155,20.000229950589734,1013.2500003985471,30.259545077767743
30.0,1200.0,65,5.1613951602255765,20.000169904299476,1013.2500002206064,30.22828356972634
30.0,1200.0,65,5.243090691567332,20.000124678403623,1013.2500001204386,30.200238960771294
30.0,1200.0,65,5.325410782277739,20.000090865142656,1013.2500000648522,30.175160787536417
30.0,1200.0,65,5.408326913195984,20.00006576950196,1013.2500000344427,30.15280644389306
30.0,1200.0,65,5.491812087098393,20.000047279695476,1013.2500000180419,30.132942798470463
30.0,1200.0,65,5.57584074378026,20.000033755859604,1013.2500000093215,30.115347461382367
30.0,1200.0,65,5.660388679233963,20.000023935878488,1013.2500000047502,30.09980972958923
30.0,1200.0,65,5.745432968889291,20.000016856849424,1013.2500000023875,30.086131241841752
30.0,1200.0,65,5.830951894845301,20.000011790473778,1013.2500000011836,30.074126374839175
